time,x,y,z,vx,vy,vz,qx,qy,qz,qw,wx,wy,wz,fx_global,fy_global,fz_global,alpha,beta,pitch_demand,roll_demand,yaw_demand,pitch_demand_attained,roll_demand_attained,yaw_demand_attained,thrust_setting_demand,thrust_attained
6.001,18.77595,127.33215,0.0,11.48881,-4.78298,0.0,0.0,0.0,-0.17632,0.98433,0.0,0.0,-0.50738,-10.4472,14.08712,0.0,2.30208,-0.0,0.0,0.0,0.0,0.0,0.0,0.0,0.0,0.0
6.254,18.77595,127.33215,0.0,11.48881,-4.78298,0.0,0.0,0.0,-0.17632,0.98433,0.0,0.0,-0.50738,-10.4472,14.08712,0.0,2.30208,-0.0,0.0,0.0,0.0,0.0,0.0,0.0,0.0,0.0
6.255,18.77595,127.33215,0.0,11.48881,-4.78298,0.0,0.0,0.0,-0.17632,0.98433,0.0,0.0,-0.50738,-10.4472,14.08712,0.0,2.30208,-0.0,0.0,0.0,0.0,0.0,0.0,0.0,0.0,0.0
6.255,18.77595,127.33215,0.0,11.48881,-4.78298,0.0,0.0,0.0,-0.17632,0.98433,0.0,0.0,-0.50738,-10.4472,14.08712,0.0,2.30208,-0.0,0.0,0.0,0.0,0.0,0.0,0.0,0.0,0.0
6.255,18.77595,127.33215,0.0,11.48881,-4.78298,0.0,0.0,0.0,-0.17632,0.98433,0.0,0.0,-0.50738,-10.4472,14.08712,0.0,2.30208,-0.0,0.0,0.0,0.0,0.0,0.0,0.0,0.0,0.0
6.255,18.77595,127.33215,0.0,11.48881,-4.78298,0.0,0.0,0.0,-0.17632,0.98433,0.0,0.0,-0.50738,-10.4472,14.08712,0.0,2.30208,-0.0,0.0,0.0,0.0,0.0,0.0,0.0,0.0,0.0
6.255,18.77595,127.33215,0.0,11.48881,-4.78298,0.0,0.0,0.0,-0.17632,0.98433,0.0,0.0,-0.50738,-10.4472,14.08712,0.0,2.30208,-0.0,0.0,0.0,0.0,0.0,0.0,0.0,0.0,0.0
6.255,18.77595,127.33215,0.0,11.48881,-4.78298,0.0,0.0,0.0,-0.17632,0.98433,0.0,0.0,-0.50738,-10.4472,14.08712,0.0,2.30208,-0.0,0.0,0.0,0.0,0.0,0.0,0.0,0.0,0.0
6.255,18.77595,127.33215,0.0,11.48881,-4.78298,0.0,0.0,0.0,-0.17632,0.98433,0.0,0.0,-0.50738,-10.4472,14.08712,0.0,2.30208,-0.0,0.0,0.0,0.0,0.0,0.0,0.0,0.0,0.0
6.255,18.77595,127.33215,0.0,11.48881,-4.78298,0.0,0.0,0.0,-0.17632,0.98433,0.0,0.0,-0.50738,-10.4472,14.08712,0.0,2.30208,-0.0,0.0,0.0,0.0,0.0,0.0,0.0,0.0,0.0
6.255,18.77595,127.33215,0.0,11.48881,-4.78298,0.0,0.0,0.0,-0.17632,0.98433,0.0,0.0,-0.50738,-10.4472,14.08712,0.0,2.30208,-0.0,0.0,0.0,0.0,0.0,0.0,0.0,0.0,0.0
6.255,18.77595,127.33215,0.0,11.48881,-4.78298,0.0,0.0,0.0,-0.17632,0.98433,0.0,0.0,-0.50738,-10.4472,14.08712,0.0,2.30208,-0.0,0.0,0.0,0.0,0.0,0.0,0.0,0.0,0.0
6.256,18.77595,127.33215,0.0,11.48881,-4.78298,0.0,0.0,0.0,-0.17632,0.98433,0.0,0.0,-0.50738,-10.4472,14.08712,0.0,2.30208,-0.0,0.0,0.0,0.0,0.0,0.0,0.0,0.0,0.0
6.256,18.77595,127.33215,0.0,11.48881,-4.78298,0.0,0.0,0.0,-0.17632,0.98433,0.0,0.0,-0.50738,-10.4472,14.08712,0.0,2.30208,-0.0,0.0,0.0,0.0,0.0,0.0,0.0,0.0,0.0
6.256,18.77595,127.33215,0.0,11.48881,-4.78298,0.0,0.0,0.0,-0.17632,0.98433,0.0,0.0,-0.50738,-10.4472,14.08712,0.0,2.30208,-0.0,0.0,0.0,0.0,0.0,0.0,0.0,0.0,0.0
6.256,18.77595,127.33215,0.0,11.48881,-4.78298,0.0,0.0,0.0,-0.17632,0.98433,0.0,0.0,-0.50738,-10.4472,14.08712,0.0,2.30208,-0.0,0.0,0.0,0.0,0.0,0.0,0.0,0.0,0.0
6.267,18.96696,127.25172,0.0,11.43143,-4.86836,0.0,0.0,0.0,-0.18048,0.98358,0.0,0.0,-0.50911,-10.32895,14.05284,0.0,2.28215,-0.0,0.0,0.0,0.0,0.0,0.0,0.0,0.0,0.0
6.284,19.15701,127.16987,0.0,11.37468,-4.95391,0.0,0.0,0.0,-0.18466,0.9828,0.0,0.0,-0.51069,-10.21479,14.01981,0.0,2.2617,-0.0,0.0,0.0,0.0,0.0,0.0,0.0,0.0,0.0
6.301,19.34611,127.08659,0.0,11.31854,-5.03964,0.0,0.0,0.0,-0.18885,0.98201,0.0,0.0,-0.51214,-10.10465,13.98802,0.0,2.24073,-0.0,0.0,0.0,0.0,0.0,0.0,0.0,0.0,0.0
6.317,19.53429,127.00188,0.0,11.26299,-5.12555,0.0,0.0,0.0,-0.19304,0.98119,0.0,0.0,-0.51344,-9.99847,13.95749,0.0,2.21926,-0.0,0.0,0.0,0.0,0.0,0.0,0.0,0.0,0.0
6.334,19.72155,126.91574,0.0,11.20802,-5.21161,0.0,0.0,0.0,-0.19724,0.98035,0.0,0.0,-0.51461,-9.89619,13.92824,0.0,2.1973,-0.0,0.0,0.0,0.0,0.0,0.0,0.0,0.0,0.0
6.351,19.9079,126.82816,0.0,11.15358,-5.29783,0.0,0.0,0.0,-0.20145,0.9795,0.0,0.0,-0.51563,-9.79774,13.9003,0.0,2.17488,-0.0,0.0,0.0,0.0,0.0,0.0,0.0,0.0,0.0
6.367,20.09334,126.73914,0.0,11.09968,-5.3842,0.0,0.0,0.0,-0.20566,0.97862,0.0,0.0,-0.51651,-9.70304,13.8737,0.0,2.15202,-0.0,0.0,0.0,0.0,0.0,0.0,0.0,0.0,0.0
6.384,20.27789,126.64868,0.0,11.04628,-5.47071,0.0,0.0,0.0,-0.20988,0.97773,0.0,0.0,-0.51724,-9.61203,13.84851,0.0,2.12874,-0.0,0.0,0.0,0.0,0.0,0.0,0.0,0.0,0.0
6.4,20.46155,126.55678,0.0,10.99336,-5.55735,0.0,0.0,0.0,-0.21409,0.97681,0.0,0.0,-0.51782,-9.52462,13.82475,0.0,2.10508,-0.0,0.0,0.0,0.0,0.0,0.0,0.0,0.0,0.0
6.417,20.64434,126.46344,0.0,10.94092,-5.64411,0.0,0.0,0.0,-0.21831,0.97588,0.0,0.0,-0.51826,-9.44074,13.8025,0.0,2.08105,-0.0,0.0,0.0,0.0,0.0,0.0,0.0,0.0,0.0
6.434,20.82625,126.36865,0.0,10.88891,-5.73099,0.0,0.0,0.0,-0.22252,0.97493,0.0,0.0,-0.51854,-9.3603,13.7818,0.0,2.05668,-0.0,0.0,0.0,0.0,0.0,0.0,0.0,0.0,0.0
6.451,21.0073,126.2724,0.0,10.83734,-5.81798,0.0,0.0,0.0,-0.22673,0.97396,0.0,0.0,-0.51867,-9.2832,13.76274,0.0,2.03202,-0.0,0.0,0.0,0.0,0.0,0.0,0.0,0.0,0.0
6.467,21.1875,126.17471,0.0,10.78618,-5.90506,0.0,0.0,0.0,-0.23094,0.97297,0.0,0.0,-0.51865,-9.20935,13.74536,0.0,2.0071,-0.0,0.0,0.0,0.0,0.0,0.0,0.0,0.0,0.0
6.484,21.36684,126.07557,0.0,10.73541,-5.99222,0.0,0.0,0.0,-0.23514,0.97196,0.0,0.0,-0.51847,-9.13866,13.72975,0.0,1.98195,-0.0,0.0,0.0,0.0,0.0,0.0,0.0,0.0,0.0
6.501,21.54535,125.97497,0.0,10.68501,-6.07947,0.0,0.0,0.0,-0.23934,0.97094,0.0,0.0,-0.51814,-9.07102,13.71598,0.0,1.9566,-0.0,0.0,0.0,0.0,0.0,0.0,0.0,0.0,0.0
6.517,21.72301,125.87292,0.0,10.63498,-6.16678,0.0,0.0,0.0,-0.24352,0.96989,0.0,0.0,-0.51766,-9.00634,13.70412,0.0,1.9311,-0.0,0.0,0.0,0.0,0.0,0.0,0.0,0.0,0.0
6.534,21.89985,125.76941,0.0,10.58529,-6.25414,0.0,0.0,0.0,-0.2477,0.96884,0.0,0.0,-0.51701,-8.94449,13.69426,0.0,1.90549,-0.0,0.0,0.0,0.0,0.0,0.0,0.0,0.0,0.0
6.551,22.07586,125.66445,0.0,10.53592,-6.34155,0.0,0.0,0.0,-0.25187,0.96776,0.0,0.0,-0.51621,-8.88537,13.68647,0.0,1.8798,-0.0,0.0,0.0,0.0,0.0,0.0,0.0,0.0,0.0
6.567,22.25105,125.55803,0.0,10.48687,-6.42899,0.0,0.0,0.0,-0.25603,0.96667,0.0,0.0,-0.51526,-8.82887,13.68082,0.0,1.85408,-0.0,0.0,0.0,0.0,0.0,0.0,0.0,0.0,0.0
6.584,22.42542,125.45015,0.0,10.43812,-6.51645,0.0,0.0,0.0,-0.26017,0.96556,0.0,0.0,-0.51415,-8.77485,13.6774,0.0,1.82836,-0.0,0.0,0.0,0.0,0.0,0.0,0.0,0.0,0.0
6.6,22.59899,125.34081,0.0,10.38966,-6.60392,0.0,0.0,0.0,-0.2643,0.96444,0.0,0.0,-0.51288,-8.7232,13.67629,0.0,1.8027,-0.0,0.0,0.0,0.0,0.0,0.0,0.0,0.0,0.0
6.617,22.77175,125.23002,0.0,10.34147,-6.69137,0.0,0.0,0.0,-0.26842,0.9633,0.0,0.0,-0.51145,-8.6738,13.67757,0.0,1.77712,-0.0,0.0,0.0,0.0,0.0,0.0,0.0,0.0,0.0
6.634,22.9437,125.11777,0.0,10.29355,-6.77881,0.0,0.0,0.0,-0.27251,0.96215,0.0,0.0,-0.50987,-8.62651,13.6813,0.0,1.75168,-0.0,0.0,0.0,0.0,0.0,0.0,0.0,0.0,0.0
6.651,23.11487,125.00406,0.0,10.24588,-6.86621,0.0,0.0,0.0,-0.27659,0.96099,0.0,0.0,-0.50814,-8.5812,13.68757,0.0,1.72641,-0.0,0.0,0.0,0.0,0.0,0.0,0.0,0.0,0.0
6.667,23.28523,124.88889,0.0,10.19844,-6.95356,0.0,0.0,0.0,-0.28065,0.95981,0.0,0.0,-0.50625,-8.53775,13.69645,0.0,1.70135,-0.0,0.0,0.0,0.0,0.0,0.0,0.0,0.0,0.0
6.684,23.45481,124.77227,0.0,10.15124,-7.04085,0.0,0.0,0.0,-0.28469,0.95862,0.0,0.0,-0.5042,-8.496,13.708,0.0,1.67655,-0.0,0.0,0.0,0.0,0.0,0.0,0.0,0.0,0.0
6.701,23.62361,124.6542,0.0,10.10427,-7.12806,0.0,0.0,0.0,-0.28871,0.95742,0.0,0.0,-0.50201,-8.45583,13.7223,0.0,1.65204,-0.0,0.0,0.0,0.0,0.0,0.0,0.0,0.0,0.0
6.717,23.79172,124.5346,0.0,10.06944,-7.22314,0.0,-0.0,0.0,-0.2927,0.9562,-0.0,0.0,-0.49965,-6.26898,12.30546,0.0,1.6268,-0.0,-2.0e-5,-2.0e-5,2.0e-5,0.0,0.0,0.0,1.0,0.0
6.734,23.95936,124.41336,0.0,10.04648,-7.32615,0.0,-0.0,0.0,-0.29667,0.95498,-0.0,0.0,-0.49712,-4.13329,10.87904,0.0,1.59943,-0.0,-2.0e-5,-2.0e-5,2.0e-5,-2.0e-5,-2.0e-5,2.0e-5,1.0,0.02167
6.751,24.1267,124.29033,0.0,10.03509,-7.43714,0.0,-0.0,0.0,-0.30061,0.95375,-0.0,0.0,-0.49438,-2.04989,9.4419,0.0,1.56953,-0.0,-2.0e-5,-2.0e-5,2.0e-5,-2.0e-5,-2.0e-5,2.0e-5,1.0,0.04333
6.768,24.29396,124.16539,0.0,10.03498,-7.55617,0.0,-0.0,0.0,-0.30453,0.9525,-0.0,0.0,-0.49141,-0.01982,7.99333,0.0,1.53681,-0.0,-2.0e-5,-2.0e-5,2.0e-5,-2.0e-5,-2.0e-5,2.0e-5,1.0,0.065
6.784,24.4613,124.03839,0.0,10.04584,-7.68332,0.0,-0.0,0.0,-0.30841,0.95125,-0.0,0.0,-0.48818,1.956,6.53304,-0.0,1.50113,-0.0,-2.0e-5,-2.0e-5,2.0e-5,-2.0e-5,-2.0e-5,2.0e-5,1.0,0.08667
6.801,24.62891,123.90921,0.0,10.06738,-7.81865,-0.0,-0.0,0.0,-0.31227,0.94999,-0.0,0.0,-0.48466,3.8768,5.06114,-0.0,1.46245,-0.0,-2.0e-5,-2.0e-5,2.0e-5,-2.0e-5,-2.0e-5,2.0e-5,1.0,0.10833
6.817,24.79697,123.7777,0.0,10.09928,-7.96222,-0.0,-0.0,0.0,-0.31609,0.94873,-0.0,0.0,-0.4808,5.74196,3.57809,-0.0,1.42085,-0.0,-2.0e-5,-2.0e-5,2.0e-5,-2.0e-5,-2.0e-5,2.0e-5,1.0,0.13
6.834,24.96564,123.64373,-0.0,10.14123,-8.11408,-0.0,-0.0,0.0,-0.31987,0.94746,-0.0,0.0,-0.47658,7.551,2.08473,-0.0,1.37651,-0.0,-2.0e-5,-2.0e-5,2.0e-5,-2.0e-5,-2.0e-5,2.0e-5,1.0,0.15167
6.851,25.13509,123.50716,-0.0,10.19292,-8.27429,-0.0,-0.0,0.0,-0.32361,0.94619,-0.0,0.0,-0.47196,9.30364,0.58224,-0.0,1.32972,-0.0,-2.0e-5,-2.0e-5,2.0e-5,-2.0e-5,-2.0e-5,2.0e-5,1.0,0.17333
6.868,25.30549,123.36785,-0.0,10.25403,-8.44289,-0.0,-0.0,0.0,-0.32731,0.94492,-0.0,0.0,-0.4669,10.99983,-0.92782,-0.0,1.28084,-0.0,-2.0e-5,-2.0e-5,2.0e-5,-2.0e-5,-2.0e-5,2.0e-5,1.0,0.195
6.884,25.47698,123.22566,-0.0,10.32425,-8.61991,-0.0,-0.0,0.0,-0.33096,0.94364,-0.0,0.0,-0.46135,12.63972,-2.44357,-0.0,1.23029,-0.0,-2.0e-5,-2.0e-5,2.0e-5,-2.0e-5,-2.0e-5,2.0e-5,1.0,0.21667
6.9,25.64971,123.08045,-0.0,10.40327,-8.80537,-0.0,-0.0,0.0,-0.33456,0.94237,-0.0,0.0,-0.45529,14.22373,-3.96275,-0.0,1.17857,-0.0,-2.0e-5,-2.0e-5,2.0e-5,-2.0e-5,-2.0e-5,2.0e-5,1.0,0.23833
6.917,25.82383,122.93207,-0.0,10.49078,-8.99927,-0.0,-0.0,0.0,-0.33811,0.94111,-0.0,0.0,-0.44868,15.7526,-5.48278,-0.0,1.12621,-0.0,-2.0e-5,-2.0e-5,2.0e-5,-2.0e-5,-2.0e-5,2.0e-5,1.0,0.26
6.934,25.99948,122.7804,-0.0,10.58649,-9.20161,-0.0,-0.0,0.0,-0.3416,0.93985,-0.0,0.0,-0.44148,17.22733,-7.0007,-0.0,1.07377,-0.0,-2.0e-5,-2.0e-5,2.0e-5,-2.0e-5,-2.0e-5,2.0e-5,1.0,0.28167
6.951,26.17679,122.62528,-0.0,10.6901,-9.41235,-0.0,-0.0,0.0,-0.34503,0.93859,-0.0,0.0,-0.43365,18.6493,-8.51321,-0.0,1.02185,-0.0,-2.0e-5,-2.0e-5,2.0e-5,-2.0e-5,-2.0e-5,2.0e-5,1.0,0.30333
6.967,26.35589,122.46658,-0.0,10.80132,-9.63144,-0.0,-0.0,0.0,-0.34838,0.93735,-0.0,0.0,-0.42517,20.02023,-10.01667,-0.0,0.97103,-1.0e-5,-2.0e-5,-2.0e-5,2.0e-5,-2.0e-5,-2.0e-5,2.0e-5,1.0,0.325
6.984,26.5369,122.30416,-0.0,10.91989,-9.85881,-0.0,-0.0,0.0,-0.35167,0.93613,-0.0,0.0,-0.416,21.34221,-11.50712,-0.0,0.92191,-1.0e-5,-2.0e-5,-2.0e-5,2.0e-5,-2.0e-5,-2.0e-5,2.0e-5,1.0,0.34667
7.001,26.71995,122.13788,-0.0,11.04554,-10.09437,-0.0,-0.0,0.0,-0.35487,0.93492,-0.0,0.0,-0.40613,22.61772,-12.98027,-0.0,0.87506,-1.0e-5,-2.0e-5,-2.0e-5,2.0e-5,-2.0e-5,-2.0e-5,2.0e-5,1.0,0.36833
7.018,26.90516,121.96761,-0.0,11.17804,-10.33799,-0.0,-0.0,0.0,-0.35799,0.93372,-0.0,0.0,-0.39554,23.84964,-14.43155,-0.0,0.83103,-1.0e-5,-2.0e-5,-2.0e-5,2.0e-5,-2.0e-5,-2.0e-5,2.0e-5,1.0,0.39
7.034,27.09262,121.79321,-0.0,11.31716,-10.58952,-0.0,-0.0,0.0,-0.36103,0.93256,-0.0,0.0,-0.38421,25.04121,-15.85612,-0.0,0.79032,-1.0e-5,-2.0e-5,-2.0e-5,2.0e-5,-2.0e-5,-2.0e-5,2.0e-5,1.0,0.41167
7.051,27.28246,121.61456,-0.0,11.46269,-10.84879,-0.0,-0.0,0.0,-0.36396,0.93141,-0.0,0.0,-0.37213,26.19607,-17.24891,-0.0,0.75341,-1.0e-5,-2.0e-5,-2.0e-5,2.0e-5,-2.0e-5,-2.0e-5,2.0e-5,1.0,0.43333
7.067,27.47478,121.43152,-0.0,11.61446,-11.1156,-0.0,-0.0,0.0,-0.3668,0.9303,-0.0,0.0,-0.35929,27.3182,-18.60467,-0.0,0.7207,-1.0e-5,-2.0e-5,-2.0e-5,2.0e-5,-2.0e-5,-2.0e-5,2.0e-5,1.0,0.455
7.084,27.66967,121.24397,-0.0,11.77231,-11.3897,-0.0,-0.0,0.0,-0.36953,0.92922,-0.0,0.0,-0.34572,28.41191,-19.91799,-1.0e-5,0.69256,-1.0e-5,-2.0e-5,-2.0e-5,2.0e-5,-2.0e-5,-2.0e-5,2.0e-5,1.0,0.47667
7.101,27.86725,121.05179,-0.0,11.93609,-11.67083,-0.0,-0.0,0.0,-0.37215,0.92817,-0.0,0.0,-0.3314,29.48178,-21.1834,-1.0e-5,0.66927,-1.0e-5,-2.0e-5,-2.0e-5,2.0e-5,-2.0e-5,-2.0e-5,2.0e-5,1.0,0.49833
7.118,28.0676,120.85488,-0.0,12.10572,-11.95869,-0.0,-0.0,0.0,-0.37466,0.92716,-0.0,0.0,-0.31637,30.53263,-22.39537,-1.0e-5,0.65107,-1.0e-5,-2.0e-5,-2.0e-5,2.0e-5,-2.0e-5,-2.0e-5,2.0e-5,1.0,0.52
7.134,28.27083,120.65311,-0.0,12.28111,-12.25296,-0.0,-0.0,0.0,-0.37704,0.9262,-0.0,0.0,-0.30065,31.56944,-23.54841,-1.0e-5,0.63809,-1.0e-5,-2.0e-5,-2.0e-5,2.0e-5,-2.0e-5,-2.0e-5,2.0e-5,1.0,0.54167
7.151,28.47703,120.44638,-0.0,12.4622,-12.55327,-0.0,-0.0,0.0,-0.3793,0.92528,-0.0,0.0,-0.28427,32.5973,-24.63715,-1.0e-5,0.63042,-1.0e-5,-2.0e-5,-2.0e-5,2.0e-5,-2.0e-5,-2.0e-5,2.0e-5,1.0,0.56333
7.167,28.6863,120.23461,-0.0,12.64899,-12.85925,-0.0,-0.0,0.0,-0.38142,0.9244,-0.0,0.0,-0.26727,33.62128,-25.65634,-1.0e-5,0.62808,-2.0e-5,-2.0e-5,-2.0e-5,2.0e-5,-2.0e-5,-2.0e-5,2.0e-5,1.0,0.585
7.184,28.89873,120.01768,-0.0,12.84147,-13.17048,-0.0,-0.0,0.0,-0.38341,0.92358,-0.0,0.0,-0.24969,34.64641,-26.601,-1.0e-5,0.631,-2.0e-5,-2.0e-5,-2.0e-5,2.0e-5,-2.0e-5,-2.0e-5,2.0e-5,1.0,0.60667
7.201,29.11441,119.79553,-0.0,13.03967,-13.48652,-0.0,-0.0,0.0,-0.38526,0.92281,-1.0e-5,0.0,-0.2316,35.67753,-27.46643,-1.0e-5,0.63906,-2.0e-5,-2.0e-5,-2.0e-5,2.0e-5,-2.0e-5,-2.0e-5,2.0e-5,1.0,0.62833
7.217,29.33344,119.56808,-0.0,13.24367,-13.8069,-0.0,-0.0,0.0,-0.38697,0.92209,-1.0e-5,0.0,-0.21305,36.71923,-28.24829,-1.0e-5,0.65205,-2.0e-5,-2.0e-5,-2.0e-5,2.0e-5,-2.0e-5,-2.0e-5,2.0e-5,1.0,0.65
7.234,29.55593,119.33525,-0.0,13.45354,-14.13113,-0.0,-0.0,0.0,-0.38854,0.92143,-1.0e-5,0.0,-0.1941,37.77575,-28.9427,-2.0e-5,0.66973,-2.0e-5,-2.0e-5,-2.0e-5,2.0e-5,-2.0e-5,-2.0e-5,2.0e-5,1.0,0.67167
7.251,29.78196,119.097,-0.0,13.66937,-14.45872,-0.0,-0.0,0.0,-0.38995,0.92083,-1.0e-5,0.0,-0.17483,38.85085,-29.5462,-2.0e-5,0.69179,-2.0e-5,-2.0e-5,-2.0e-5,2.0e-5,-2.0e-5,-2.0e-5,2.0e-5,1.0,0.69333
7.268,30.01163,118.85325,-0.0,13.89131,-14.78914,-0.0,-0.0,0.0,-0.39122,0.9203,-1.0e-5,0.0,-0.1553,39.94778,-30.05591,-2.0e-5,0.71787,-2.0e-5,-2.0e-5,-2.0e-5,2.0e-5,-2.0e-5,-2.0e-5,2.0e-5,1.0,0.715
7.284,30.24506,118.60398,-0.0,14.11947,-15.12186,-0.0,-0.0,0.0,-0.39234,0.91982,-1.0e-5,0.0,-0.1356,41.06917,-30.46949,-2.0e-5,0.74757,-2.0e-5,-2.0e-5,-2.0e-5,2.0e-5,-2.0e-5,-2.0e-5,2.0e-5,1.0,0.73667
7.301,30.48235,118.34915,-0.0,14.35401,-15.45634,-0.0,-0.0,0.0,-0.3933,0.91941,-1.0e-5,0.0,-0.11581,42.21696,-30.78519,-2.0e-5,0.78047,-3.0e-5,-2.0e-5,-2.0e-5,2.0e-5,-2.0e-5,-2.0e-5,2.0e-5,1.0,0.75833
7.317,30.72359,118.08874,-0.0,14.59508,-15.79201,-0.0,-0.0,0.0,-0.39411,0.91906,-1.0e-5,0.0,-0.09599,43.39238,-31.0019,-3.0e-5,0.8161,-3.0e-5,-2.0e-5,-2.0e-5,2.0e-5,-2.0e-5,-2.0e-5,2.0e-5,1.0,0.78
7.334,30.96891,117.82272,-0.0,14.84283,-16.12834,-0.0,-0.0,0.0,-0.39477,0.91878,-1.0e-5,0.0,-0.07624,44.59587,-31.11913,-3.0e-5,0.854,-3.0e-5,-2.0e-5,-2.0e-5,2.0e-5,-2.0e-5,-2.0e-5,2.0e-5,1.0,0.80167
7.35,31.21842,117.55109,-0.0,15.09743,-16.46477,-0.0,-0.0,0.0,-0.39528,0.91856,-1.0e-5,0.0,-0.05661,45.82713,-31.13698,-3.0e-5,0.89368,-3.0e-5,-2.0e-5,-2.0e-5,2.0e-5,-2.0e-5,-2.0e-5,2.0e-5,1.0,0.82333
7.367,31.47223,117.27387,-0.0,15.35901,-16.80075,-0.0,-0.0,0.0,-0.39564,0.91841,-1.0e-5,0.0,-0.03719,47.08505,-31.05621,-4.0e-5,0.93466,-3.0e-5,-2.0e-5,-2.0e-5,2.0e-5,-2.0e-5,-2.0e-5,2.0e-5,1.0,0.845
7.384,31.73045,116.99105,-0.0,15.62772,-17.13574,-0.0,-0.0,0.0,-0.39585,0.91832,-1.0e-5,0.0,-0.01805,48.36782,-30.87812,-4.0e-5,0.97648,-3.0e-5,-2.0e-5,-2.0e-5,2.0e-5,-2.0e-5,-2.0e-5,2.0e-5,1.0,0.86667
7.401,31.99322,116.70265,-0.0,15.90368,-17.46921,-0.0,-0.0,0.0,-0.39591,0.91829,-1.0e-5,0.0,0.00076,49.6729,-30.60458,-5.0e-5,1.01868,-3.0e-5,-2.0e-5,-2.0e-5,2.0e-5,-2.0e-5,-2.0e-5,2.0e-5,1.0,0.88833
7.417,32.26065,116.40872,-0.0,16.187,-17.80064,-0.0,-0.0,0.0,-0.39584,0.91832,-1.0e-5,0.0,0.01918,50.99715,-30.23795,-5.0e-5,1.06083,-4.0e-5,-2.0e-5,-2.0e-5,2.0e-5,-2.0e-5,-2.0e-5,2.0e-5,1.0,0.91
7.434,32.53285,116.10928,-0.0,16.47776,-18.12953,-0.0,-0.0,0.0,-0.39562,0.91841,-1.0e-5,0.0,0.03716,52.33688,-29.78103,-6.0e-5,1.10251,-4.0e-5,-2.0e-5,-2.0e-5,2.0e-5,-2.0e-5,-2.0e-5,2.0e-5,1.0,0.93167
7.451,32.80997,115.80439,-0.0,16.77602,-18.45541,-0.0,-0.0,0.0,-0.39527,0.91857,-1.0e-5,0.0,0.05466,53.68796,-29.23702,-7.0e-5,1.14338,-4.0e-5,-2.0e-5,-2.0e-5,2.0e-5,-2.0e-5,-2.0e-5,2.0e-5,1.0,0.95333
7.467,33.09213,115.49409,-0.0,17.08183,-18.77779,-0.0,-0.0,0.0,-0.39479,0.91877,-1.0e-5,0.0,0.07165,55.04592,-28.60942,-7.0e-5,1.18309,-4.0e-5,-2.0e-5,-2.0e-5,2.0e-5,-2.0e-5,-2.0e-5,2.0e-5,1.0,0.975
7.484,33.37937,115.17853,-0.0,17.38688,-19.08752,-0.0,-0.0,0.0,-0.39417,0.91904,-1.0e-5,0.0,0.08808,54.908,-26.33221,-8.0e-5,1.22167,-4.0e-5,-2.0e-5,-2.0e-5,2.0e-5,-2.0e-5,-2.0e-5,2.0e-5,1.0,0.99667
7.501,33.67168,114.85792,-0.0,17.6898,-19.38291,-0.0,-0.0,0.0,-0.39344,0.91935,-1.0e-5,0.0,0.1039,54.52507,-23.74955,-8.0e-5,1.25926,-4.0e-5,-2.0e-5,-2.0e-5,2.0e-5,-2.0e-5,-2.0e-5,2.0e-5,1.0,1.0
7.518,33.96902,114.53251,-0.0,17.99074,-19.66393,-1.0e-5,-0.0,0.0,-0.39258,0.91972,-1.0e-5,0.0,0.11907,54.16997,-21.16318,-9.0e-5,1.29576,-5.0e-5,-2.0e-5,-2.0e-5,2.0e-5,-2.0e-5,-2.0e-5,2.0e-5,1.0,1.0
7.534,34.27136,114.20254,-0.0,18.28983,-19.93059,-1.0e-5,-0.0,0.0,-0.39161,0.92013,-1.0e-5,0.0,0.13356,53.8369,-18.58005,-0.0001,1.331,-5.0e-5,-2.0e-5,-2.0e-5,2.0e-5,-2.0e-5,-2.0e-5,2.0e-5,1.0,1.0
7.551,34.57867,113.86824,-0.0,18.58717,-20.18297,-1.0e-5,-0.0,0.0,-0.39054,0.92059,-1.0e-5,0.0,0.14733,53.51986,-16.00719,-0.0001,1.3648,-5.0e-5,-2.0e-5,-2.0e-5,2.0e-5,-2.0e-5,-2.0e-5,2.0e-5,1.0,1.0
7.567,34.89092,113.52985,-0.0,18.88279,-20.42114,-1.0e-5,-0.0,0.0,-0.38936,0.92109,-1.0e-5,0.0,0.16037,53.21291,-13.45147,-0.00011,1.39702,-5.0e-5,-2.0e-5,-2.0e-5,2.0e-5,-2.0e-5,-2.0e-5,2.0e-5,1.0,1.0
7.584,35.20808,113.18761,-0.0,19.17674,-20.64525,-1.0e-5,-0.0,0.0,-0.38808,0.92163,-1.0e-5,0.0,0.17268,52.91033,-10.91953,-0.00012,1.42752,-5.0e-5,-2.0e-5,-2.0e-5,2.0e-5,-2.0e-5,-2.0e-5,2.0e-5,1.0,1.0
7.601,35.53013,112.84175,-0.0,19.469,-20.85546,-1.0e-5,-0.0,0.0,-0.38671,0.9222,-1.0e-5,0.0,0.18426,52.60678,-8.41759,-0.00013,1.45621,-6.0e-5,-2.0e-5,-2.0e-5,2.0e-5,-2.0e-5,-2.0e-5,2.0e-5,1.0,1.0
7.617,35.85704,112.49251,-0.0,19.75954,-21.05197,-1.0e-5,-0.0,0.0,-0.38525,0.92281,-1.0e-5,0.0,0.19512,52.29748,-5.9514,-0.00014,1.48301,-6.0e-5,-2.0e-5,-2.0e-5,2.0e-5,-2.0e-5,-2.0e-5,2.0e-5,1.0,1.0
7.634,36.18878,112.1401,-0.0,20.04831,-21.235,-1.0e-5,-0.0,0.0,-0.38371,0.92346,-1.0e-5,0.0,0.20528,51.97824,-3.52612,-0.00015,1.50788,-6.0e-5,-2.0e-5,-2.0e-5,2.0e-5,-2.0e-5,-2.0e-5,2.0e-5,1.0,1.0
7.651,36.52531,111.78475,-0.0,20.33523,-21.40481,-1.0e-5,-0.0,0.0,-0.38209,0.92413,-1.0e-5,0.0,0.21477,51.64558,-1.14627,-0.00016,1.53082,-6.0e-5,-2.0e-5,-2.0e-5,2.0e-5,-2.0e-5,-2.0e-5,2.0e-5,1.0,1.0
7.667,36.86661,111.42668,-0.0,20.62021,-21.56168,-1.0e-5,-0.0,0.0,-0.3804,0.92482,-1.0e-5,0.0,0.22362,51.29675,1.18428,-0.00017,1.55184,-6.0e-5,-2.0e-5,-2.0e-5,2.0e-5,-2.0e-5,-2.0e-5,2.0e-5,1.0,1.0
7.684,37.21264,111.0661,-0.0,20.90315,-21.70589,-1.0e-5,-0.0,0.0,-0.37864,0.92554,-1.0e-5,0.0,0.23187,50.92972,3.46236,-0.00018,1.57099,-7.0e-5,-2.0e-5,-2.0e-5,2.0e-5,-2.0e-5,-2.0e-5,2.0e-5,1.0,1.0
7.701,37.56337,110.70321,-0.0,21.18395,-21.83774,-1.0e-5,-0.0,0.0,-0.37682,0.92628,-1.0e-5,0.0,0.23954,50.54316,5.68548,-0.00019,1.58834,-7.0e-5,-2.0e-5,-2.0e-5,2.0e-5,-2.0e-5,-2.0e-5,2.0e-5,1.0,1.0
7.717,37.91876,110.33824,-0.0,21.46249,-21.95757,-1.0e-5,-0.0,0.0,-0.37495,0.92705,-2.0e-5,0.0,0.24669,50.13638,7.85178,-0.0002,1.60398,-7.0e-5,-2.0e-5,-2.0e-5,2.0e-5,-2.0e-5,-2.0e-5,2.0e-5,1.0,1.0
7.734,38.27877,109.97136,-0.0,21.73865,-22.06568,-2.0e-5,-0.0,0.0,-0.37301,0.92783,-2.0e-5,0.0,0.25335,49.70929,9.96001,-0.00021,1.61801,-7.0e-5,-2.0e-5,-2.0e-5,2.0e-5,-2.0e-5,-2.0e-5,2.0e-5,1.0,1.0
7.75,38.64336,109.60278,-0.0,22.01233,-22.1624,-2.0e-5,-0.0,0.0,-0.37103,0.92862,-2.0e-5,0.0,0.25956,49.2623,12.00949,-0.00022,1.63056,-7.0e-5,-2.0e-5,-2.0e-5,2.0e-5,-2.0e-5,-2.0e-5,2.0e-5,1.0,1.0
7.767,39.0125,109.23268,-0.0,22.28342,-22.24807,-2.0e-5,-0.0,0.0,-0.369,0.92943,-2.0e-5,0.0,0.26536,48.79622,14.00001,-0.00023,1.64173,-8.0e-5,-2.0e-5,-2.0e-5,2.0e-5,-2.0e-5,-2.0e-5,2.0e-5,1.0,1.0
7.784,39.38613,108.86124,-0.0,22.55182,-22.323,-2.0e-5,-0.0,0.0,-0.36692,0.93025,-2.0e-5,0.0,0.27078,48.31224,15.9318,-0.00024,1.65166,-8.0e-5,-2.0e-5,-2.0e-5,2.0e-5,-2.0e-5,-2.0e-5,2.0e-5,1.0,1.0
7.801,39.76421,108.48863,-0.0,22.81744,-22.38753,-2.0e-5,-0.0,0.0,-0.3648,0.93109,-2.0e-5,0.0,0.27586,47.81175,17.80543,-0.00026,1.66047,-8.0e-5,-2.0e-5,-2.0e-5,2.0e-5,-2.0e-5,-2.0e-5,2.0e-5,1.0,1.0
7.817,40.1467,108.11504,-0.0,23.0802,-22.44196,-2.0e-5,-0.0,0.0,-0.36264,0.93193,-2.0e-5,0.0,0.28063,47.29635,19.62177,-0.00027,1.66829,-8.0e-5,-2.0e-5,-2.0e-5,2.0e-5,-2.0e-5,-2.0e-5,2.0e-5,1.0,1.0
7.834,40.53353,107.74062,-0.0,23.34002,-22.48662,-2.0e-5,-0.0,0.0,-0.36044,0.93278,-2.0e-5,0.0,0.28511,46.76771,21.38193,-0.00028,1.67523,-8.0e-5,-2.0e-5,-2.0e-5,2.0e-5,-2.0e-5,-2.0e-5,2.0e-5,1.0,1.0
7.85,40.92468,107.36554,-1.0e-5,23.59684,-22.5218,-3.0e-5,-0.0,0.0,-0.35821,0.93364,-2.0e-5,0.0,0.28934,46.22754,23.08714,-0.0003,1.6814,-8.0e-5,-2.0e-5,-2.0e-5,2.0e-5,-2.0e-5,-2.0e-5,2.0e-5,1.0,1.0
7.867,41.32008,106.98995,-1.0e-5,23.8506,-22.54781,-3.0e-5,-0.0,0.0,-0.35594,0.93451,-2.0e-5,0.0,0.29333,45.67753,24.73877,-0.00031,1.6869,-9.0e-5,-2.0e-5,-2.0e-5,2.0e-5,-2.0e-5,-2.0e-5,2.0e-5,1.0,1.0
7.884,41.71968,106.61399,-1.0e-5,24.10126,-22.56493,-3.0e-5,-0.0,0.0,-0.35364,0.93538,-2.0e-5,0.0,0.2971,45.11932,26.33825,-0.00033,1.69183,-9.0e-5,-2.0e-5,-2.0e-5,2.0e-5,-2.0e-5,-2.0e-5,2.0e-5,1.0,1.0
16.467,42.12336,106.2379,-1.0e-5,24.33973,-22.56556,-3.0e-5,-0.0,0.0,-0.35131,0.93626,-2.0e-5,0.0,0.30065,42.92443,29.30612,-0.00033,1.6966,-9.0e-5,-2.0e-5,-2.0e-5,2.0e-5,-2.0e-5,-2.0e-5,2.0e-5,0.50001,1.0
16.484,42.53091,105.86192,-1.0e-5,24.56616,-22.55042,-3.0e-5,-0.0,0.0,-0.34895,0.93714,-2.0e-5,0.0,0.30397,40.75686,32.14538,-0.00034,1.70159,-9.0e-5,-2.0e-5,-2.0e-5,2.0e-5,-2.0e-5,-2.0e-5,2.0e-5,0.50001,0.98167
16.501,42.94214,105.48632,-1.0e-5,24.7807,-22.5202,-4.0e-5,-0.0,0.0,-0.34656,0.93803,-2.0e-5,0.0,0.30704,38.6179,34.85926,-0.00035,1.70686,-9.0e-5,-2.0e-5,-2.0e-5,2.0e-5,-2.0e-5,-2.0e-5,2.0e-5,0.50001,0.96333
16.517,43.35685,105.11135,-1.0e-5,24.98353,-22.47559,-4.0e-5,-0.0,0.0,-0.34415,0.93891,-2.0e-5,0.0,0.30984,36.50798,37.4504,-0.00036,1.71242,-9.0e-5,-2.0e-5,-2.0e-5,2.0e-5,-2.0e-5,-2.0e-5,2.0e-5,0.50001,0.945
16.534,43.77484,104.73723,-1.0e-5,25.17479,-22.41725,-4.0e-5,-0.0,0.0,-0.34171,0.9398,-2.0e-5,0.0,0.31236,34.42694,39.92102,-0.00037,1.71826,-9.0e-5,-2.0e-5,-2.0e-5,2.0e-5,-2.0e-5,-2.0e-5,2.0e-5,0.50001,0.92667
16.551,44.19592,104.3642,-1.0e-5,25.35464,-22.34584,-4.0e-5,-0.0,0.0,-0.33926,0.94069,-2.0e-5,0.0,0.31458,32.37418,42.27306,-0.00038,1.72433,-0.0001,-2.0e-5,-2.0e-5,2.0e-5,-2.0e-5,-2.0e-5,2.0e-5,0.50001,0.90833
16.568,44.6199,103.99246,-1.0e-5,25.52325,-22.26202,-4.0e-5,-0.0,0.0,-0.33678,0.94158,-2.0e-5,0.0,0.31649,30.34882,44.50831,-0.00039,1.73061,-0.0001,-2.0e-5,-2.0e-5,2.0e-5,-2.0e-5,-2.0e-5,2.0e-5,0.50001,0.89
16.584,45.0466,103.62222,-1.0e-5,25.68075,-22.16641,-5.0e-5,-0.0,0.0,-0.33429,0.94247,-2.0e-5,0.0,0.31808,28.34986,46.6285,-0.0004,1.73702,-0.0001,-2.0e-5,-2.0e-5,2.0e-5,-2.0e-5,-2.0e-5,2.0e-5,0.50001,0.87167
16.601,45.47584,103.25367,-1.0e-5,25.82728,-22.05966,-5.0e-5,-0.0,0.0,-0.33179,0.94335,-2.0e-5,0.0,0.31936,26.37627,48.63539,-0.00041,1.74354,-0.0001,-2.0e-5,-2.0e-5,2.0e-5,-2.0e-5,-2.0e-5,2.0e-5,0.50001,0.85333
16.618,45.90743,102.88698,-1.0e-5,25.96299,-21.94238,-5.0e-5,-1.0e-5,0.0,-0.32927,0.94424,-2.0e-5,0.0,0.32031,24.42706,50.53086,-0.00042,1.7501,-0.0001,-2.0e-5,-2.0e-5,2.0e-5,-2.0e-5,-2.0e-5,2.0e-5,0.50001,0.835
16.634,46.34119,102.52233,-1.0e-5,26.088,-21.81517,-5.0e-5,-1.0e-5,0.0,-0.32675,0.94511,-2.0e-5,0.0,0.32095,22.50136,52.31693,-0.00043,1.75667,-0.0001,-2.0e-5,-2.0e-5,2.0e-5,-2.0e-5,-2.0e-5,2.0e-5,0.50001,0.81667
16.651,46.77694,102.15988,-1.0e-5,26.20243,-21.67864,-6.0e-5,-1.0e-5,0.0,-0.32422,0.94598,-2.0e-5,0.0,0.32127,20.59841,53.9958,-0.00044,1.76321,-0.0001,-2.0e-5,-2.0e-5,2.0e-5,-2.0e-5,-2.0e-5,2.0e-5,0.50001,0.79833
16.668,47.21452,101.79978,-2.0e-5,26.30642,-21.53336,-6.0e-5,-1.0e-5,0.0,-0.32168,0.94685,-2.0e-5,0.0,0.32128,18.71764,55.56986,-0.00045,1.7697,-0.0001,-2.0e-5,-2.0e-5,2.0e-5,-2.0e-5,-2.0e-5,2.0e-5,0.50001,0.78
16.684,47.65374,101.44217,-2.0e-5,26.40008,-21.37991,-6.0e-5,-1.0e-5,0.0,-0.31915,0.9477,-2.0e-5,0.0,0.321,16.85861,57.04169,-0.00046,1.7761,-0.0001,-2.0e-5,-2.0e-5,2.0e-5,-2.0e-5,-2.0e-5,2.0e-5,0.50001,0.76167
16.701,48.09443,101.08718,-2.0e-5,26.48353,-21.21883,-6.0e-5,-1.0e-5,0.0,-0.31661,0.94855,-2.0e-5,0.0,0.32042,15.021,58.41405,-0.00046,1.78241,-0.0001,-2.0e-5,-2.0e-5,2.0e-5,-2.0e-5,-2.0e-5,2.0e-5,0.50001,0.74333
16.717,48.53644,100.73493,-2.0e-5,26.55689,-21.05067,-7.0e-5,-1.0e-5,0.0,-0.31408,0.9494,-2.0e-5,0.0,0.31957,13.20467,59.68986,-0.00047,1.78862,-0.0001,-2.0e-5,-2.0e-5,2.0e-5,-2.0e-5,-2.0e-5,2.0e-5,0.50001,0.725
16.734,48.97958,100.38554,-2.0e-5,26.62027,-20.87593,-7.0e-5,-1.0e-5,0.0,-0.31156,0.95023,-2.0e-5,0.0,0.31845,11.40953,60.87216,-0.00048,1.79472,-0.0001,-2.0e-5,-2.0e-5,2.0e-5,-2.0e-5,-2.0e-5,2.0e-5,0.50001,0.70667
16.751,49.4237,100.03912,-2.0e-5,26.6738,-20.69513,-7.0e-5,-1.0e-5,0.0,-0.30904,0.95105,-2.0e-5,0.0,0.31707,9.63563,61.9641,-0.00049,1.80072,-0.0001,-2.0e-5,-2.0e-5,2.0e-5,-2.0e-5,-2.0e-5,2.0e-5,0.50001,0.68833
16.767,49.86863,99.69576,-2.0e-5,26.7176,-20.50875,-7.0e-5,-1.0e-5,0.0,-0.30653,0.95186,-2.0e-5,0.0,0.31545,7.88302,62.96894,-0.0005,1.80661,-0.0001,-2.0e-5,-2.0e-5,2.0e-5,-2.0e-5,-2.0e-5,2.0e-5,0.50001,0.67
16.784,50.3142,99.35554,-2.0e-5,26.75178,-20.31725,-8.0e-5,-1.0e-5,0.0,-0.30404,0.95266,-2.0e-5,0.0,0.31358,6.15184,63.88995,-0.00051,1.81242,-0.0001,-2.0e-5,-2.0e-5,2.0e-5,-2.0e-5,-2.0e-5,2.0e-5,0.50001,0.65167
16.801,50.76027,99.01856,-2.0e-5,26.77645,-20.12108,-8.0e-5,-1.0e-5,0.0,-0.30155,0.95345,-2.0e-5,0.0,0.3115,4.44223,64.73044,-0.00052,1.81815,-0.0001,-2.0e-5,-2.0e-5,2.0e-5,-2.0e-5,-2.0e-5,2.0e-5,0.50001,0.63333
16.817,51.20667,98.68488,-3.0e-5,26.79176,-19.92067,-8.0e-5,-1.0e-5,0.0,-0.29909,0.95423,-2.0e-5,0.0,0.30919,2.75433,65.49372,-0.00052,1.82382,-0.0001,-2.0e-5,-2.0e-5,2.0e-5,-2.0e-5,-2.0e-5,2.0e-5,0.50001,0.615
16.834,51.65325,98.35458,-3.0e-5,26.7978,-19.71643,-9.0e-5,-1.0e-5,0.0,-0.29664,0.95499,-2.0e-5,0.0,0.30668,1.08827,66.18309,-0.00053,1.82944,-0.0001,-2.0e-5,-2.0e-5,2.0e-5,-2.0e-5,-2.0e-5,2.0e-5,0.50001,0.59667
16.851,52.09985,98.02771,-3.0e-5,26.79471,-19.50875,-9.0e-5,-1.0e-5,0.0,-0.29421,0.95574,-2.0e-5,0.0,0.30397,-0.55583,66.80178,-0.00054,1.83503,-0.0001,-2.0e-5,-2.0e-5,2.0e-5,-2.0e-5,-2.0e-5,2.0e-5,0.50001,0.57833
16.867,52.54633,97.70432,-3.0e-5,26.78262,-19.29801,-9.0e-5,-1.0e-5,0.0,-0.2918,0.95648,-2.0e-5,0.0,0.30107,-2.17789,67.35301,-0.00054,1.84059,-0.0001,-2.0e-5,-2.0e-5,2.0e-5,-2.0e-5,-2.0e-5,2.0e-5,0.50001,0.56
16.884,52.99253,97.38448,-3.0e-5,26.76163,-19.08457,-9.0e-5,-1.0e-5,1.0e-5,-0.28941,0.95721,-2.0e-5,0.0,0.29799,-3.77787,67.8399,-0.00055,1.84615,-0.0001,-2.0e-5,-2.0e-5,2.0e-5,-2.0e-5,-2.0e-5,2.0e-5,0.50001,0.54167
16.901,53.43831,97.0682,-3.0e-5,26.73187,-18.86876,-0.0001,-1.0e-5,1.0e-5,-0.28704,0.95792,-2.0e-5,0.0,0.29472,-5.35577,68.2655,-0.00056,1.85173,-0.0001,-2.0e-5,-2.0e-5,2.0e-5,-2.0e-5,-2.0e-5,2.0e-5,0.50001,0.52333
16.917,53.88358,96.75551,-4.0e-5,26.70081,-18.65567,-0.0001,-1.0e-5,1.0e-5,-0.2847,0.95862,-2.0e-5,0.0,0.2913,-5.59185,67.77674,-0.00057,1.85707,-0.0001,-2.0e-5,-2.0e-5,2.0e-5,-2.0e-5,-2.0e-5,2.0e-5,0.50001,0.505
16.934,54.32834,96.44632,-4.0e-5,26.67114,-18.44707,-0.0001,-1.0e-5,1.0e-5,-0.28239,0.9593,-2.0e-5,0.0,0.28775,-5.34061,66.96746,-0.00059,1.86182,-0.0001,-2.0e-5,-2.0e-5,2.0e-5,-2.0e-5,-2.0e-5,2.0e-5,0.50001,0.50001
16.951,54.77262,96.14058,-4.0e-5,26.64276,-18.24287,-0.00011,-1.0e-5,1.0e-5,-0.2801,0.95997,-2.0e-5,0.0,0.2841,-5.10822,66.17499,-0.0006,1.86586,-0.0001,-2.0e-5,-2.0e-5,2.0e-5,-2.0e-5,-2.0e-5,2.0e-5,0.50001,0.50001
16.967,55.21644,95.8382,-4.0e-5,26.61557,-18.04299,-0.00011,-1.0e-5,1.0e-5,-0.27784,0.96063,-2.0e-5,0.0,0.28038,-4.89355,65.39841,-0.00062,1.86922,-0.0001,-2.0e-5,-2.0e-5,2.0e-5,-2.0e-5,-2.0e-5,2.0e-5,0.50001,0.50001
16.984,55.65982,95.53912,-4.0e-5,26.58949,-17.84734,-0.00011,-1.0e-5,1.0e-5,-0.27561,0.96127,-2.0e-5,0.0,0.27663,-4.69521,64.63737,-0.00064,1.87192,-9.0e-5,-2.0e-5,-2.0e-5,2.0e-5,-2.0e-5,-2.0e-5,2.0e-5,0.50001,0.50001
17.001,56.10276,95.24327,-4.0e-5,26.56442,-17.65583,-0.00012,-1.0e-5,1.0e-5,-0.27341,0.9619,-2.0e-5,0.0,0.27286,-4.51165,63.89187,-0.00065,1.87402,-9.0e-5,-2.0e-5,-2.0e-5,2.0e-5,-2.0e-5,-2.0e-5,2.0e-5,0.50001,0.50001
17.017,56.5453,94.95057,-5.0e-5,26.5403,-17.46837,-0.00012,-1.0e-5,1.0e-5,-0.27124,0.96251,-2.0e-5,0.0,0.2691,-4.3413,63.1622,-0.00067,1.87558,-9.0e-5,-2.0e-5,-2.0e-5,2.0e-5,-2.0e-5,-2.0e-5,2.0e-5,0.50001,0.50001
17.034,56.98744,94.66097,-5.0e-5,26.51707,-17.28488,-0.00013,-1.0e-5,1.0e-5,-0.26909,0.96311,-2.0e-5,0.0,0.26537,-4.18262,62.44873,-0.00069,1.87667,-9.0e-5,-2.0e-5,-2.0e-5,2.0e-5,-2.0e-5,-2.0e-5,2.0e-5,0.50001,0.50001
17.051,57.42921,94.37439,-5.0e-5,26.49466,-17.10526,-0.00013,-1.0e-5,1.0e-5,-0.26698,0.9637,-2.0e-5,0.0,0.26169,-4.03418,61.7519,-0.0007,1.87735,-9.0e-5,-2.0e-5,-2.0e-5,2.0e-5,-2.0e-5,-2.0e-5,2.0e-5,0.50001,0.50001
17.067,57.8706,94.09077,-5.0e-5,26.47302,-16.92941,-0.00013,-1.0e-5,1.0e-5,-0.26489,0.96428,-2.0e-5,0.0,0.25806,-3.89465,61.07213,-0.00072,1.87768,-8.0e-5,-2.0e-5,-2.0e-5,2.0e-5,-2.0e-5,-2.0e-5,2.0e-5,0.50001,0.50001
17.084,58.31165,93.81005,-5.0e-5,26.45211,-16.75725,-0.00014,-1.0e-5,1.0e-5,-0.26283,0.96484,-2.0e-5,0.0,0.25449,-3.76284,60.40978,-0.00073,1.87774,-8.0e-5,-2.0e-5,-2.0e-5,2.0e-5,-2.0e-5,-2.0e-5,2.0e-5,0.50001,0.50001
17.1,58.75235,93.53218,-6.0e-5,26.4319,-16.58866,-0.00014,-1.0e-5,1.0e-5,-0.2608,0.96539,-2.0e-5,0.0,0.251,-3.63771,59.76512,-0.00075,1.87756,-8.0e-5,-2.0e-5,-2.0e-5,2.0e-5,-2.0e-5,-2.0e-5,2.0e-5,0.50001,0.50001
17.117,59.19271,93.25708,-6.0e-5,26.41236,-16.42356,-0.00015,-1.0e-5,1.0e-5,-0.25879,0.96593,-2.0e-5,0.0,0.24758,-3.51835,59.13833,-0.00077,1.8772,-8.0e-5,-2.0e-5,-2.0e-5,2.0e-5,-2.0e-5,-2.0e-5,2.0e-5,0.50001,0.50001
17.134,59.63276,92.98471,-6.0e-5,26.39345,-16.26184,-0.00015,-1.0e-5,1.0e-5,-0.25681,0.96646,-2.0e-5,0.0,0.24424,-3.40401,58.52949,-0.00078,1.87671,-7.0e-5,-2.0e-5,-2.0e-5,2.0e-5,-2.0e-5,-2.0e-5,2.0e-5,0.50001,0.50001
17.151,60.0725,92.715,-6.0e-5,26.37515,-16.1034,-0.00015,-1.0e-5,1.0e-5,-0.25486,0.96698,-2.0e-5,0.0,0.24098,-3.29403,57.93857,-0.0008,1.87612,-7.0e-5,-2.0e-5,-2.0e-5,2.0e-5,-2.0e-5,-2.0e-5,2.0e-5,0.50001,0.50001
17.168,60.51194,92.44791,-7.0e-5,26.35744,-15.94815,-0.00016,-1.0e-5,1.0e-5,-0.25293,0.96748,-2.0e-5,0.0,0.23781,-3.18789,57.36543,-0.00082,1.87547,-7.0e-5,-2.0e-5,-2.0e-5,2.0e-5,-2.0e-5,-2.0e-5,2.0e-5,0.50001,0.50001
17.184,60.95108,92.18338,-7.0e-5,26.3403,-15.79599,-0.00016,-1.0e-5,1.0e-5,-0.25102,0.96798,-2.0e-5,0.0,0.23471,-3.08516,56.80988,-0.00083,1.87477,-6.0e-5,-2.0e-5,-2.0e-5,2.0e-5,-2.0e-5,-2.0e-5,2.0e-5,0.50001,0.50001
17.201,61.38995,91.92136,-7.0e-5,26.32371,-15.64681,-0.00017,-1.0e-5,1.0e-5,-0.24914,0.96847,-2.0e-5,0.0,0.2317,-2.98552,56.2716,-0.00085,1.87405,-6.0e-5,-2.0e-5,-2.0e-5,2.0e-5,-2.0e-5,-2.0e-5,2.0e-5,0.50001,0.50001
17.217,61.82854,91.6618,-8.0e-5,26.30766,-15.50053,-0.00017,-1.0e-5,1.0e-5,-0.24728,0.96894,-2.0e-5,0.0,0.22876,-2.88868,55.75025,-0.00087,1.87333,-6.0e-5,-2.0e-5,-2.0e-5,2.0e-5,-2.0e-5,-2.0e-5,2.0e-5,0.50001,0.50001
17.234,62.26687,91.40466,-8.0e-5,26.29214,-15.35706,-0.00018,-1.0e-5,1.0e-5,-0.24545,0.96941,-2.0e-5,0.0,0.22589,-2.79444,55.24541,-0.00088,1.87262,-5.0e-5,-2.0e-5,-2.0e-5,2.0e-5,-2.0e-5,-2.0e-5,2.0e-5,0.50001,0.50001
17.25,62.70495,91.14989,-8.0e-5,26.27712,-15.2163,-0.00018,-1.0e-5,1.0e-5,-0.24363,0.96987,-2.0e-5,0.0,0.2231,-2.70265,54.75662,-0.0009,1.87193,-5.0e-5,-2.0e-5,-2.0e-5,2.0e-5,-2.0e-5,-2.0e-5,2.0e-5,0.50001,0.50001
17.267,63.14278,90.89743,-8.0e-5,26.2626,-15.07817,-0.00019,-1.0e-5,1.0e-5,-0.24184,0.97032,-2.0e-5,0.0,0.22038,-2.6132,54.2834,-0.00092,1.87126,-5.0e-5,-2.0e-5,-2.0e-5,2.0e-5,-2.0e-5,-2.0e-5,2.0e-5,0.50001,0.50001
17.284,63.58037,90.64727,-9.0e-5,26.24857,-14.94258,-0.00019,-1.0e-5,1.0e-5,-0.24007,0.97076,-2.0e-5,0.0,0.21773,-2.52599,53.82524,-0.00094,1.87062,-4.0e-5,-2.0e-5,-2.0e-5,2.0e-5,-2.0e-5,-2.0e-5,2.0e-5,0.50001,0.50001
17.3,64.01774,90.39934,-9.0e-5,26.23501,-14.80946,-0.0002,-1.0e-5,1.0e-5,-0.23832,0.97119,-2.0e-5,0.0,0.21514,-2.44098,53.38162,-0.00095,1.87002,-4.0e-5,-2.0e-5,-2.0e-5,2.0e-5,-2.0e-5,-2.0e-5,2.0e-5,0.50001,0.50001
17.317,64.45488,90.1536,-9.0e-5,26.22191,-14.67873,-0.0002,-1.0e-5,1.0e-5,-0.23659,0.97161,-2.0e-5,0.0,0.21261,-2.35811,52.952,-0.00097,1.86945,-3.0e-5,-2.0e-5,-2.0e-5,2.0e-5,-2.0e-5,-2.0e-5,2.0e-5,0.50001,0.50001
17.334,64.8918,89.91003,-0.0001,26.20926,-14.55031,-0.00021,-1.0e-5,1.0e-5,-0.23488,0.97203,-2.0e-5,0.0,0.21014,-2.27737,52.53585,-0.00099,1.8689,-3.0e-5,-2.0e-5,-2.0e-5,2.0e-5,-2.0e-5,-2.0e-5,2.0e-5,0.50001,0.50001
17.351,65.32852,89.66858,-0.0001,26.19704,-14.42412,-0.00022,-1.0e-5,1.0e-5,-0.23318,0.97243,-2.0e-5,0.0,0.20772,-2.19872,52.13267,-0.00101,1.86839,-2.0e-5,-2.0e-5,-2.0e-5,2.0e-5,-2.0e-5,-2.0e-5,2.0e-5,0.50001,0.50001
17.367,65.76504,89.42922,-0.0001,26.18525,-14.30011,-0.00022,-1.0e-5,1.0e-5,-0.23151,0.97283,-2.0e-5,0.0,0.20536,-2.12216,51.74192,-0.00102,1.86791,-2.0e-5,-2.0e-5,-2.0e-5,2.0e-5,-2.0e-5,-2.0e-5,2.0e-5,0.50001,0.50001
17.384,66.20136,89.1919,-0.00011,26.17388,-14.17821,-0.00023,-1.0e-5,1.0e-5,-0.22985,0.97323,-2.0e-5,0.0,0.20305,-2.04767,51.36312,-0.00104,1.86746,-2.0e-5,-2.0e-5,-2.0e-5,2.0e-5,-2.0e-5,-2.0e-5,2.0e-5,0.50001,0.50001
17.401,66.6375,88.9566,-0.00011,26.1629,-14.05834,-0.00023,-1.0e-5,1.0e-5,-0.22822,0.97361,-2.0e-5,0.0,0.20079,-1.97524,50.99579,-0.00106,1.86702,-1.0e-5,-2.0e-5,-2.0e-5,2.0e-5,-2.0e-5,-2.0e-5,2.0e-5,0.50001,0.50001
17.417,67.07346,88.72328,-0.00012,26.15232,-13.94045,-0.00024,-1.0e-5,1.0e-5,-0.22659,0.97399,-2.0e-5,0.0,0.19858,-1.90485,50.63945,-0.00108,1.86661,-1.0e-5,-2.0e-5,-2.0e-5,2.0e-5,-2.0e-5,-2.0e-5,2.0e-5,0.50001,0.50001
17.434,67.50925,88.4919,-0.00012,26.14212,-13.82449,-0.00024,-1.0e-5,1.0e-5,-0.22499,0.97436,-2.0e-5,0.0,0.19641,-1.83649,50.29367,-0.00109,1.86622,-0.0,-2.0e-5,-2.0e-5,2.0e-5,-2.0e-5,-2.0e-5,2.0e-5,0.50001,0.50001
17.451,67.94487,88.26245,-0.00012,26.13228,-13.71039,-0.00025,-1.0e-5,1.0e-5,-0.22341,0.97473,-2.0e-5,0.0,0.19429,-1.77014,49.95801,-0.00111,1.86585,0.0,-2.0e-5,-2.0e-5,2.0e-5,-2.0e-5,-2.0e-5,2.0e-5,0.50001,0.50001
17.467,68.38033,88.03488,-0.00013,26.12281,-13.5981,-0.00026,-1.0e-5,1.0e-5,-0.22184,0.97508,-2.0e-5,0.0,0.19221,-1.70578,49.63208,-0.00113,1.86549,1.0e-5,-2.0e-5,-2.0e-5,2.0e-5,-2.0e-5,-2.0e-5,2.0e-5,0.50001,0.50001
17.484,68.81563,87.80917,-0.00013,26.11368,-13.48757,-0.00026,-1.0e-5,1.0e-5,-0.22028,0.97544,-2.0e-5,0.0,0.19017,-1.64338,49.31549,-0.00115,1.86515,1.0e-5,-2.0e-5,-2.0e-5,2.0e-5,-2.0e-5,-2.0e-5,2.0e-5,0.50001,0.50001
17.501,69.25079,87.58529,-0.00014,26.10488,-13.37875,-0.00027,-1.0e-5,1.0e-5,-0.21874,0.97578,-2.0e-5,0.0,0.18817,-1.58291,49.00786,-0.00117,1.86481,2.0e-5,-2.0e-5,-2.0e-5,2.0e-5,-2.0e-5,-2.0e-5,2.0e-5,0.50001,0.50001
17.517,69.6858,87.3632,-0.00014,26.09641,-13.27159,-0.00028,-1.0e-5,1.0e-5,-0.21722,0.97612,-2.0e-5,0.0,0.18621,-1.52435,48.70886,-0.00118,1.86449,2.0e-5,-2.0e-5,-2.0e-5,2.0e-5,-2.0e-5,-2.0e-5,2.0e-5,0.50001,0.50001
17.534,70.12067,87.14289,-0.00015,26.08826,-13.16604,-0.00028,-1.0e-5,1.0e-5,-0.21571,0.97646,-2.0e-5,0.0,0.18429,-1.46766,48.41816,-0.0012,1.86417,3.0e-5,-2.0e-5,-2.0e-5,2.0e-5,-2.0e-5,-2.0e-5,2.0e-5,0.50001,0.50001
17.551,70.55551,86.92428,-0.00015,26.09334,-13.06799,-0.00029,-1.0e-5,1.0e-5,-0.21422,0.97679,-2.0e-5,0.0,0.18242,0.9143,47.06988,-0.00125,1.86339,3.0e-5,-2.0e-5,-2.0e-5,2.0e-5,-2.0e-5,-2.0e-5,2.0e-5,0.89454,0.50001
17.568,70.99055,86.70724,-0.00016,26.11132,-12.97702,-0.0003,-1.0e-5,1.0e-5,-0.21274,0.97711,-2.0e-5,0.0,0.18064,3.23635,45.79295,-0.00129,1.8616,4.0e-5,-2.0e-5,-2.0e-5,2.0e-5,-2.0e-5,-2.0e-5,2.0e-5,1.0,0.52167
17.584,71.426,86.49165,-0.00016,26.14187,-12.89278,-0.0003,-2.0e-5,1.0e-5,-0.21128,0.97743,-2.0e-5,0.0,0.17897,5.49941,44.58333,-0.00134,1.85879,5.0e-5,-2.0e-5,-2.0e-5,2.0e-5,-2.0e-5,-2.0e-5,2.0e-5,1.0,0.54334
17.601,71.86205,86.27742,-0.00017,26.18468,-12.8149,-0.00031,-2.0e-5,1.0e-5,-0.20983,0.97774,-2.0e-5,0.0,0.17745,7.7047,43.43804,-0.00138,1.85496,5.0e-5,-2.0e-5,-2.0e-5,2.0e-5,-2.0e-5,-2.0e-5,2.0e-5,1.0,0.56501
17.617,72.29892,86.06444,-0.00017,26.23942,-12.74304,-0.00032,-2.0e-5,1.0e-5,-0.20839,0.97805,-2.0e-5,1.0e-5,0.17611,9.85369,42.35494,-0.00143,1.85017,6.0e-5,-2.0e-5,-2.0e-5,2.0e-5,-2.0e-5,-2.0e-5,2.0e-5,1.0,0.58667
17.634,72.7368,85.85261,-0.00018,26.3058,-12.67686,-0.00033,-2.0e-5,1.0e-5,-0.20696,0.97835,-2.0e-5,1.0e-5,0.17497,11.94794,41.3326,-0.00148,1.84448,6.0e-5,-2.0e-5,-2.0e-5,2.0e-5,-2.0e-5,-2.0e-5,2.0e-5,1.0,0.60834
17.651,73.17588,85.64183,-0.00018,26.38351,-12.61603,-0.00034,-2.0e-5,1.0e-5,-0.20553,0.97865,-2.0e-5,1.0e-5,0.17407,13.98911,40.37011,-0.00153,1.83801,7.0e-5,-2.0e-5,-2.0e-5,2.0e-5,-2.0e-5,-2.0e-5,2.0e-5,1.0,0.63001
17.668,73.61635,85.43203,-0.00019,26.47229,-12.56021,-0.00035,-2.0e-5,1.0e-5,-0.20412,0.97895,-2.0e-5,1.0e-5,0.17342,15.97886,39.46695,-0.00158,1.83085,7.0e-5,-2.0e-5,-2.0e-5,2.0e-5,-2.0e-5,-2.0e-5,2.0e-5,1.0,0.65167
17.684,74.05839,85.22312,-0.00019,26.57183,-12.50908,-0.00035,-2.0e-5,1.0e-5,-0.2027,0.97924,-2.0e-5,1.0e-5,0.17305,17.91882,38.62294,-0.00163,1.82313,8.0e-5,-2.0e-5,-2.0e-5,2.0e-5,-2.0e-5,-2.0e-5,2.0e-5,1.0,0.67334
17.701,74.50217,85.01502,-0.0002,26.68189,-12.46232,-0.00036,-2.0e-5,1.0e-5,-0.20129,0.97953,-2.0e-5,1.0e-5,0.17296,19.81055,37.83809,-0.00168,1.81497,8.0e-5,-2.0e-5,-2.0e-5,2.0e-5,-2.0e-5,-2.0e-5,2.0e-5,1.0,0.69501
17.717,74.94788,84.80767,-0.00021,26.8022,-12.41958,-0.00037,-2.0e-5,1.0e-5,-0.19988,0.97982,-2.0e-5,1.0e-5,0.17317,21.65556,37.11258,-0.00173,1.80648,9.0e-5,-2.0e-5,-2.0e-5,2.0e-5,-2.0e-5,-2.0e-5,2.0e-5,1.0,0.71667
17.734,75.39567,84.601,-0.00021,26.93251,-12.38054,-0.00038,-2.0e-5,1.0e-5,-0.19846,0.98011,-2.0e-5,1.0e-5,0.17369,23.45522,36.44669,-0.00178,1.79778,9.0e-5,-2.0e-5,-2.0e-5,2.0e-5,-2.0e-5,-2.0e-5,2.0e-5,1.0,0.73834
17.751,75.84572,84.39495,-0.00022,27.07257,-12.34487,-0.00039,-2.0e-5,1.0e-5,-0.19704,0.9804,-2.0e-5,1.0e-5,0.17453,25.21083,35.84074,-0.00184,1.78898,0.0001,-2.0e-5,-2.0e-5,2.0e-5,-2.0e-5,-2.0e-5,2.0e-5,1.0,0.76001
17.767,76.29818,84.18947,-0.00023,27.22214,-12.31223,-0.0004,-2.0e-5,1.0e-5,-0.19561,0.98068,-2.0e-5,1.0e-5,0.17568,26.92356,35.29505,-0.00189,1.78017,0.0001,-2.0e-5,-2.0e-5,2.0e-5,-2.0e-5,-2.0e-5,2.0e-5,1.0,0.78167
17.784,76.75321,83.98451,-0.00023,27.381,-12.28229,-0.00042,-2.0e-5,1.0e-5,-0.19417,0.98097,-2.0e-5,1.0e-5,0.17714,28.59446,34.80993,-0.00195,1.77146,0.0001,-2.0e-5,-2.0e-5,2.0e-5,-2.0e-5,-2.0e-5,2.0e-5,1.0,0.80334
17.801,77.21097,83.78003,-0.00024,27.54892,-12.2547,-0.00043,-2.0e-5,1.0e-5,-0.19271,0.98126,-3.0e-5,1.0e-5,0.17891,30.22447,34.38566,-0.00201,1.7629,0.00011,-2.0e-5,-2.0e-5,2.0e-5,-2.0e-5,-2.0e-5,2.0e-5,1.0,0.82501
17.817,77.6716,83.576,-0.00025,27.72566,-12.22913,-0.00044,-2.0e-5,1.0e-5,-0.19124,0.98154,-3.0e-5,1.0e-5,0.181,31.81442,34.02244,-0.00207,1.75459,0.00011,-2.0e-5,-2.0e-5,2.0e-5,-2.0e-5,-2.0e-5,2.0e-5,1.0,0.84667
17.834,78.13524,83.37237,-0.00025,27.91102,-12.20524,-0.00045,-2.0e-5,1.0e-5,-0.18975,0.98183,-3.0e-5,1.0e-5,0.18338,33.36502,33.72039,-0.00213,1.74657,0.00012,-2.0e-5,-2.0e-5,2.0e-5,-2.0e-5,-2.0e-5,2.0e-5,1.0,0.86834
17.851,78.60205,83.16913,-0.00026,28.10478,-12.18269,-0.00046,-2.0e-5,1.0e-5,-0.18824,0.98212,-3.0e-5,1.0e-5,0.18605,34.87687,33.47955,-0.00219,1.73889,0.00012,-2.0e-5,-2.0e-5,2.0e-5,-2.0e-5,-2.0e-5,2.0e-5,1.0,0.89001
17.867,79.07215,82.96626,-0.00027,28.30673,-12.16113,-0.00047,-2.0e-5,1.0e-5,-0.18671,0.98242,-3.0e-5,1.0e-5,0.189,36.35048,33.29987,-0.00226,1.73158,0.00012,-2.0e-5,-2.0e-5,2.0e-5,-2.0e-5,-2.0e-5,2.0e-5,1.0,0.91167
17.884,79.54569,82.76374,-0.00028,28.51665,-12.14023,-0.00049,-2.0e-5,1.0e-5,-0.18515,0.98271,-3.0e-5,1.0e-5,0.19221,37.78627,33.18119,-0.00232,1.72469,0.00013,-2.0e-5,-2.0e-5,2.0e-5,-2.0e-5,-2.0e-5,2.0e-5,1.0,0.93334
17.901,80.02279,82.56157,-0.00029,28.73435,-12.11966,-0.0005,-2.0e-5,1.0e-5,-0.18356,0.98301,-3.0e-5,1.0e-5,0.19569,39.18456,33.12326,-0.00239,1.71822,0.00013,-2.0e-5,-2.0e-5,2.0e-5,-2.0e-5,-2.0e-5,2.0e-5,1.0,0.95501
17.918,80.50358,82.35974,-0.00029,28.9596,-12.09907,-0.00051,-2.0e-5,1.0e-5,-0.18194,0.98331,-3.0e-5,1.0e-5,0.19941,40.5456,33.12572,-0.00246,1.71219,0.00014,-2.0e-5,-2.0e-5,2.0e-5,-2.0e-5,-2.0e-5,2.0e-5,1.0,0.97667
17.934,80.98808,82.15829,-0.0003,29.17994,-12.07351,-0.00053,-2.0e-5,1.0e-5,-0.18029,0.98361,-3.0e-5,1.0e-5,0.20334,39.66066,34.02046,-0.00249,1.70697,0.00014,-2.0e-5,-2.0e-5,2.0e-5,-2.0e-5,-2.0e-5,2.0e-5,1.0,0.99834
17.951,81.47621,81.95732,-0.00031,29.39449,-12.0426,-0.00054,-2.0e-5,1.0e-5,-0.1786,0.98392,-3.0e-5,1.0e-5,0.20744,38.61872,34.98403,-0.00253,1.70299,0.00014,-2.0e-5,-2.0e-5,2.0e-5,-2.0e-5,-2.0e-5,2.0e-5,1.0,1.0
17.967,81.96787,81.7569,-0.00032,29.60342,-12.00636,-0.00056,-2.0e-5,1.0e-5,-0.17689,0.98423,-3.0e-5,1.0e-5,0.21164,37.60819,35.94424,-0.00256,1.70025,0.00014,-2.0e-5,-2.0e-5,2.0e-5,-2.0e-5,-2.0e-5,2.0e-5,1.0,1.0
17.984,82.46296,81.55714,-0.00033,29.80691,-11.96479,-0.00057,-2.0e-5,1.0e-5,-0.17513,0.98454,-3.0e-5,1.0e-5,0.21591,36.62829,36.90117,-0.00259,1.6987,0.00015,-2.0e-5,-2.0e-5,2.0e-5,-2.0e-5,-2.0e-5,2.0e-5,1.0,1.0
18.001,82.9614,81.35811,-0.00034,30.00512,-11.91794,-0.00059,-2.0e-5,1.0e-5,-0.17334,0.98486,-3.0e-5,1.0e-5,0.22019,35.67774,37.85382,-0.00263,1.69822,0.00015,-2.0e-5,-2.0e-5,2.0e-5,-2.0e-5,-2.0e-5,2.0e-5,1.0,1.0
18.017,83.4631,81.1599,-0.00035,30.1982,-11.86583,-0.0006,-2.0e-5,1.0e-5,-0.17152,0.98518,-3.0e-5,1.0e-5,0.22444,34.75499,38.80043,-0.00266,1.6987,0.00015,-2.0e-5,-2.0e-5,2.0e-5,-2.0e-5,-2.0e-5,2.0e-5,1.0,1.0
18.034,83.96798,80.96261,-0.00036,30.38631,-11.8085,-0.00061,-2.0e-5,1.0e-5,-0.16966,0.9855,-3.0e-5,1.0e-5,0.22863,33.8583,39.73871,-0.0027,1.69999,0.00015,-2.0e-5,-2.0e-5,2.0e-5,-2.0e-5,-2.0e-5,2.0e-5,1.0,1.0
18.051,84.47595,80.76631,-0.00037,30.56956,-11.74602,-0.00063,-2.0e-5,1.0e-5,-0.16776,0.98583,-3.0e-5,1.0e-5,0.23272,32.98585,40.66605,-0.00274,1.70196,0.00016,-2.0e-5,-2.0e-5,2.0e-5,-2.0e-5,-2.0e-5,2.0e-5,1.0,1.0
18.067,84.98694,80.5711,-0.00038,30.74809,-11.67847,-0.00065,-2.0e-5,1.0e-5,-0.16583,0.98615,-3.0e-5,1.0e-5,0.23668,32.13583,41.57972,-0.00277,1.70448,0.00016,-2.0e-5,-2.0e-5,2.0e-5,-2.0e-5,-2.0e-5,2.0e-5,1.0,1.0
18.084,85.50086,80.37706,-0.00039,30.92202,-11.60593,-0.00066,-2.0e-5,1.0e-5,-0.16387,0.98648,-3.0e-5,1.0e-5,0.2405,31.30651,42.47701,-0.00281,1.7074,0.00016,-2.0e-5,-2.0e-5,2.0e-5,-2.0e-5,-2.0e-5,2.0e-5,1.0,1.0
18.101,86.01765,80.18426,-0.0004,31.09144,-11.52851,-0.00068,-2.0e-5,1.0e-5,-0.16188,0.98681,-3.0e-5,1.0e-5,0.24416,30.49625,43.35538,-0.00284,1.71061,0.00016,-2.0e-5,-2.0e-5,2.0e-5,-2.0e-5,-2.0e-5,2.0e-5,1.0,1.0
18.117,86.53722,79.9928,-0.00041,31.25646,-11.44633,-0.00069,-2.0e-5,1.0e-5,-0.15986,0.98714,-3.0e-5,1.0e-5,0.24765,29.7036,44.2125,-0.00288,1.714,0.00017,-2.0e-5,-2.0e-5,2.0e-5,-2.0e-5,-2.0e-5,2.0e-5,1.0,1.0
18.134,87.05951,79.80275,-0.00043,31.41717,-11.35951,-0.00071,-2.0e-5,1.0e-5,-0.15781,0.98747,-3.0e-5,1.0e-5,0.25096,28.92727,45.04637,-0.00292,1.71748,0.00017,-2.0e-5,-2.0e-5,2.0e-5,-2.0e-5,-2.0e-5,2.0e-5,1.0,1.0
18.151,87.58444,79.61417,-0.00044,31.57365,-11.26821,-0.00073,-2.0e-5,1.0e-5,-0.15573,0.9878,-3.0e-5,1.0e-5,0.2541,28.16613,45.8553,-0.00295,1.72097,0.00017,-2.0e-5,-2.0e-5,2.0e-5,-2.0e-5,-2.0e-5,2.0e-5,1.0,1.0
18.167,88.11194,79.42716,-0.00045,31.72598,-11.17255,-0.00074,-2.0e-5,1.0e-5,-0.15362,0.98813,-3.0e-5,1.0e-5,0.25706,27.41924,46.63798,-0.00299,1.72441,0.00017,-2.0e-5,-2.0e-5,2.0e-5,-2.0e-5,-2.0e-5,2.0e-5,1.0,1.0
18.184,88.64195,79.24178,-0.00046,31.87423,-11.0727,-0.00076,-2.0e-5,1.0e-5,-0.1515,0.98846,-3.0e-5,1.0e-5,0.25985,26.68582,47.39342,-0.00302,1.72774,0.00017,-2.0e-5,-2.0e-5,2.0e-5,-2.0e-5,-2.0e-5,2.0e-5,1.0,1.0
18.201,89.17439,79.05809,-0.00048,32.01848,-10.9688,-0.00078,-2.0e-5,1.0e-5,-0.14934,0.98879,-3.0e-5,1.0e-5,0.26247,25.96526,48.12099,-0.00306,1.73095,0.00018,-2.0e-5,-2.0e-5,2.0e-5,-2.0e-5,-2.0e-5,2.0e-5,1.0,1.0
18.218,89.70921,78.87617,-0.00049,32.1588,-10.86102,-0.00079,-2.0e-5,1.0e-5,-0.14717,0.98911,-3.0e-5,1.0e-5,0.26492,25.25706,48.82037,-0.00309,1.73398,0.00018,-2.0e-5,-2.0e-5,2.0e-5,-2.0e-5,-2.0e-5,2.0e-5,1.0,1.0
18.234,90.24633,78.69608,-0.0005,32.29525,-10.74952,-0.00081,-2.0e-5,1.0e-5,-0.14498,0.98944,-3.0e-5,1.0e-5,0.26723,24.56085,49.49149,-0.00312,1.73684,0.00018,-2.0e-5,-2.0e-5,2.0e-5,-2.0e-5,-2.0e-5,2.0e-5,1.0,1.0
18.251,90.78569,78.51788,-0.00052,32.42789,-10.63443,-0.00083,-2.0e-5,1.0e-5,-0.14276,0.98976,-3.0e-5,1.0e-5,0.26939,23.87634,50.13456,-0.00315,1.73951,0.00018,-2.0e-5,-2.0e-5,2.0e-5,-2.0e-5,-2.0e-5,2.0e-5,1.0,1.0
18.267,91.32724,78.34162,-0.00053,32.5568,-10.51593,-0.00085,-2.0e-5,1.0e-5,-0.14053,0.99008,-3.0e-5,1.0e-5,0.27142,23.20332,50.74997,-0.00318,1.74199,0.00018,-2.0e-5,-2.0e-5,2.0e-5,-2.0e-5,-2.0e-5,2.0e-5,1.0,1.0
18.284,91.8709,78.16736,-0.00054,32.68203,-10.39417,-0.00086,-2.0e-5,1.0e-5,-0.13829,0.99039,-3.0e-5,1.0e-5,0.27332,22.54166,51.33829,-0.00321,1.74429,0.00019,-2.0e-5,-2.0e-5,2.0e-5,-2.0e-5,-2.0e-5,2.0e-5,1.0,1.0
18.301,92.41662,77.99516,-0.00056,32.80365,-10.26928,-0.00088,-2.0e-5,2.0e-5,-0.13602,0.99071,-3.0e-5,1.0e-5,0.2751,21.89123,51.90019,-0.00324,1.74641,0.00019,-2.0e-5,-2.0e-5,2.0e-5,-2.0e-5,-2.0e-5,2.0e-5,1.0,1.0
18.318,92.96434,77.82507,-0.00057,32.92172,-10.14141,-0.0009,-2.0e-5,2.0e-5,-0.13374,0.99102,-3.0e-5,1.0e-5,0.27677,21.25197,52.43648,-0.00327,1.74836,0.00019,-2.0e-5,-2.0e-5,2.0e-5,-2.0e-5,-2.0e-5,2.0e-5,1.0,1.0
18.334,93.51399,77.65713,-0.00059,33.03629,-10.01069,-0.00092,-2.0e-5,2.0e-5,-0.13145,0.99132,-3.0e-5,1.0e-5,0.27834,20.6238,52.948,-0.0033,1.75016,0.00019,-2.0e-5,-2.0e-5,2.0e-5,-2.0e-5,-2.0e-5,2.0e-5,1.0,1.0
18.351,94.06553,77.4914,-0.0006,33.14744,-9.87727,-0.00094,-2.0e-5,2.0e-5,-0.12915,0.99163,-3.0e-5,1.0e-5,0.27981,20.00667,53.43566,-0.00333,1.75182,0.00019,-2.0e-5,-2.0e-5,2.0e-5,-2.0e-5,-2.0e-5,2.0e-5,1.0,1.0
18.368,94.61889,77.32791,-0.00062,33.25522,-9.74127,-0.00096,-2.0e-5,2.0e-5,-0.12683,0.99192,-3.0e-5,1.0e-5,0.2812,19.40051,53.90036,-0.00335,1.75335,0.00019,-2.0e-5,-2.0e-5,2.0e-5,-2.0e-5,-2.0e-5,2.0e-5,1.0,1.0
18.384,95.17402,77.1667,-0.00064,33.3597,-9.60281,-0.00097,-2.0e-5,2.0e-5,-0.1245,0.99222,-3.0e-5,1.0e-5,0.2825,18.80526,54.34302,-0.00338,1.75476,0.0002,-2.0e-5,-2.0e-5,2.0e-5,-2.0e-5,-2.0e-5,2.0e-5,1.0,1.0
18.401,95.73086,77.00782,-0.00065,33.46092,-9.46201,-0.00099,-2.0e-5,2.0e-5,-0.12216,0.99251,-3.0e-5,1.0e-5,0.28372,18.22084,54.76455,-0.00341,1.75608,0.0002,-2.0e-5,-2.0e-5,2.0e-5,-2.0e-5,-2.0e-5,2.0e-5,1.0,1.0
18.417,96.28936,76.85131,-0.00067,33.55896,-9.31897,-0.00101,-2.0e-5,2.0e-5,-0.1198,0.9928,-3.0e-5,1.0e-5,0.28487,17.64717,55.16582,-0.00343,1.7573,0.0002,-2.0e-5,-2.0e-5,2.0e-5,-2.0e-5,-2.0e-5,2.0e-5,1.0,1.0
18.434,96.84947,76.6972,-0.00069,33.65387,-9.17382,-0.00103,-2.0e-5,2.0e-5,-0.11744,0.99308,-3.0e-5,1.0e-5,0.28595,17.08413,55.54767,-0.00345,1.75845,0.0002,-2.0e-5,-2.0e-5,2.0e-5,-2.0e-5,-2.0e-5,2.0e-5,1.0,1.0
18.451,97.41114,76.54553,-0.0007,33.74572,-9.02665,-0.00105,-2.0e-5,1.0e-5,-0.11507,0.99336,-3.0e-5,-0.00136,0.28697,16.53161,55.91093,-0.00392,1.75952,0.00042,-2.0e-5,-2.0e-5,-0.18749,-2.0e-5,-2.0e-5,2.0e-5,1.0,1.0
18.467,97.97422,76.39635,-0.00072,33.82285,-8.87489,-0.00109,-3.0e-5,-1.0e-5,-0.11269,0.99363,-3.0e-5,-0.00401,0.28791,13.88436,56.73548,-0.00703,1.76085,0.00197,-2.0e-5,-2.0e-5,-0.31249,-2.0e-5,-2.0e-5,-0.04998,0.92189,1.0
18.484,98.53846,76.24973,-0.00074,33.88573,-8.71896,-0.00117,-3.0e-5,-5.0e-5,-0.1103,0.9939,-3.0e-5,-0.00509,0.28874,11.31717,57.48757,-0.01471,1.76278,0.00564,-2.0e-5,-2.0e-5,2.0e-5,-2.0e-5,-2.0e-5,-0.09998,0.50001,0.98167
18.501,99.10363,76.10575,-0.00076,33.93477,-8.55924,-0.00131,-4.0e-5,-9.0e-5,-0.10791,0.99416,-3.0e-5,-0.0047,0.28944,8.8281,58.17061,-0.02508,1.7653,0.01044,-2.0e-5,-2.0e-5,2.0e-5,-2.0e-5,-2.0e-5,-0.04998,0.50001,0.96333
18.517,99.66951,75.96445,-0.00078,33.97041,-8.39609,-0.00151,-4.0e-5,-0.00013,-0.10551,0.99442,-3.0e-5,-0.00432,0.28997,6.4149,58.78689,-0.03571,1.7684,0.01519,-2.0e-5,-2.0e-5,2.0e-5,-2.0e-5,-2.0e-5,2.0e-5,0.50001,0.945
18.534,100.23587,75.8259,-0.00081,33.99305,-8.22988,-0.00177,-5.0e-5,-0.00016,-0.1031,0.99467,-3.0e-5,-0.00395,0.29031,4.07514,59.33788,-0.04605,1.77201,0.01968,-2.0e-5,-2.0e-5,2.0e-5,-2.0e-5,-2.0e-5,2.0e-5,0.50001,0.92667
18.551,100.80251,75.69014,-0.00084,34.00308,-8.06096,-0.00208,-5.0e-5,-0.00019,-0.1007,0.99492,-3.0e-5,-0.00359,0.29045,1.80628,59.82457,-0.05604,1.77607,0.02391,-2.0e-5,-2.0e-5,2.0e-5,-2.0e-5,-2.0e-5,2.0e-5,0.50001,0.90833
18.567,101.36921,75.55722,-0.00088,34.00089,-7.8897,-0.00244,-5.0e-5,-0.00022,-0.09829,0.99516,-3.0e-5,-0.00325,0.29037,-0.39421,60.24765,-0.06563,1.78052,0.02789,-2.0e-5,-2.0e-5,2.0e-5,-2.0e-5,-2.0e-5,2.0e-5,0.50001,0.89
18.584,101.93577,75.42717,-0.00092,33.98684,-7.71643,-0.00286,-6.0e-5,-0.00025,-0.09588,0.99539,-3.0e-5,-0.00291,0.29005,-2.52881,60.60775,-0.07478,1.78528,0.03162,-2.0e-5,-2.0e-5,2.0e-5,-2.0e-5,-2.0e-5,2.0e-5,0.50001,0.87167
18.601,102.502,75.30002,-0.00098,33.96129,-7.54151,-0.00332,-6.0e-5,-0.00027,-0.09348,0.99562,-3.0e-5,-0.00258,0.2895,-4.59991,60.90554,-0.08345,1.79029,0.03512,-2.0e-5,-2.0e-5,2.0e-5,-2.0e-5,-2.0e-5,2.0e-5,0.50001,0.85333
18.617,103.06772,75.1758,-0.00104,33.92457,-7.36528,-0.00383,-6.0e-5,-0.00029,-0.09108,0.99584,-3.0e-5,-0.00227,0.2887,-6.60979,61.14182,-0.0916,1.79549,0.03839,-2.0e-5,-2.0e-5,2.0e-5,-2.0e-5,-2.0e-5,2.0e-5,0.50001,0.835
18.634,103.63273,75.05452,-0.0011,33.87701,-7.18807,-0.00438,-6.0e-5,-0.00031,-0.08869,0.99606,-3.0e-5,-0.00197,0.28765,-8.56061,61.31761,-0.09922,1.80083,0.04143,-2.0e-5,-2.0e-5,2.0e-5,-2.0e-5,-2.0e-5,2.0e-5,0.50001,0.81667
18.651,104.19686,74.93621,-0.00118,33.81893,-7.01021,-0.00497,-7.0e-5,-0.00032,-0.0863,0.99627,-3.0e-5,-0.00168,0.28636,-10.45439,61.43416,-0.10629,1.80626,0.04426,-2.0e-5,-2.0e-5,2.0e-5,-2.0e-5,-2.0e-5,2.0e-5,0.50001,0.79833
18.667,104.75994,74.82086,-0.00127,33.75063,-6.83203,-0.0056,-7.0e-5,-0.00033,-0.08393,0.99647,-3.0e-5,-0.0014,0.28484,-12.29307,61.49292,-0.1128,1.81175,0.04689,-2.0e-5,-2.0e-5,2.0e-5,-2.0e-5,-2.0e-5,2.0e-5,0.50001,0.78
18.684,105.32179,74.70848,-0.00137,33.67242,-6.65383,-0.00626,-7.0e-5,-0.00034,-0.08157,0.99667,-3.0e-5,-0.00114,0.28308,-14.07844,61.49558,-0.11874,1.81727,0.04931,-2.0e-5,-2.0e-5,2.0e-5,-2.0e-5,-2.0e-5,2.0e-5,0.50001,0.76167
18.701,105.88226,74.59907,-0.00148,33.58458,-6.47592,-0.00695,-7.0e-5,-0.00035,-0.07923,0.99686,-3.0e-5,-0.00088,0.28109,-15.81223,61.44403,-0.12411,1.8228,0.05155,-2.0e-5,-2.0e-5,2.0e-5,-2.0e-5,-2.0e-5,2.0e-5,0.50001,0.74333
18.717,106.44119,74.49262,-0.0016,33.48737,-6.29859,-0.00766,-7.0e-5,-0.00036,-0.0769,0.99704,-3.0e-5,-0.00064,0.27888,-17.49608,61.34031,-0.1289,1.82833,0.05359,-2.0e-5,-2.0e-5,2.0e-5,-2.0e-5,-2.0e-5,2.0e-5,0.50001,0.725
18.734,106.99843,74.38912,-0.00173,33.38109,-6.1221,-0.0084,-8.0e-5,-0.00036,-0.0746,0.99721,-3.0e-5,-0.00041,0.27646,-19.13154,61.18659,-0.13313,1.83387,0.05546,-2.0e-5,-2.0e-5,2.0e-5,-2.0e-5,-2.0e-5,2.0e-5,0.50001,0.70667
18.751,107.55381,74.28855,-0.00188,33.26598,-5.94674,-0.00916,-8.0e-5,-0.00036,-0.07231,0.99738,-3.0e-5,-0.00019,0.27383,-20.72014,60.98513,-0.13679,1.83939,0.05716,-2.0e-5,-2.0e-5,2.0e-5,-2.0e-5,-2.0e-5,2.0e-5,0.50001,0.68833
18.767,108.10721,74.19089,-0.00204,33.14229,-5.77275,-0.00994,-8.0e-5,-0.00036,-0.07004,0.99754,-3.0e-5,2.0e-5,0.27101,-22.26333,60.73826,-0.13991,1.84491,0.05869,-2.0e-5,-2.0e-5,2.0e-5,-2.0e-5,-2.0e-5,2.0e-5,0.50001,0.67
18.784,108.65848,74.09612,-0.00221,33.01028,-5.60037,-0.01073,-8.0e-5,-0.00036,-0.0678,0.9977,-3.0e-5,0.00022,0.268,-23.76253,60.44834,-0.14248,1.85044,0.06007,-2.0e-5,-2.0e-5,2.0e-5,-2.0e-5,-2.0e-5,2.0e-5,0.50001,0.65167
18.801,109.20748,74.0042,-0.0024,32.87017,-5.42983,-0.01154,-8.0e-5,-0.00036,-0.06559,0.99785,-3.0e-5,0.00041,0.26481,-25.21914,60.11771,-0.14454,1.85598,0.06129,-2.0e-5,-2.0e-5,2.0e-5,-2.0e-5,-2.0e-5,2.0e-5,0.50001,0.63333
18.817,109.75407,73.91512,-0.0026,32.7222,-5.26134,-0.01235,-8.0e-5,-0.00036,-0.0634,0.99799,-3.0e-5,0.00059,0.26144,-26.63452,59.74873,-0.14608,1.86154,0.06237,-2.0e-5,-2.0e-5,2.0e-5,-2.0e-5,-2.0e-5,2.0e-5,0.50001,0.615
18.834,110.29814,73.82882,-0.00281,32.56659,-5.09509,-0.01317,-8.0e-5,-0.00035,-0.06124,0.99812,-3.0e-5,0.00076,0.2579,-28.01002,59.34369,-0.14713,1.86714,0.06331,-2.0e-5,-2.0e-5,2.0e-5,-2.0e-5,-2.0e-5,2.0e-5,0.50001,0.59667
18.851,110.83955,73.74527,-0.00304,32.40355,-4.93129,-0.01399,-8.0e-5,-0.00034,-0.05911,0.99825,-3.0e-5,0.00092,0.2542,-29.34696,58.90483,-0.1477,1.87278,0.06411,-2.0e-5,-2.0e-5,2.0e-5,-2.0e-5,-2.0e-5,2.0e-5,0.50001,0.57833
18.868,111.37818,73.66443,-0.00328,32.23329,-4.7701,-0.01481,-8.0e-5,-0.00033,-0.05701,0.99837,-3.0e-5,0.00107,0.25034,-30.64666,58.43433,-0.14782,1.87849,0.06479,-2.0e-5,-2.0e-5,2.0e-5,-2.0e-5,-2.0e-5,2.0e-5,0.50001,0.56
18.884,111.91392,73.58626,-0.00353,32.05601,-4.61168,-0.01563,-8.0e-5,-0.00032,-0.05495,0.99849,-3.0e-5,0.00121,0.24632,-31.91039,57.9343,-0.1475,1.88427,0.06535,-2.0e-5,-2.0e-5,2.0e-5,-2.0e-5,-2.0e-5,2.0e-5,0.50001,0.54167
18.901,112.44665,73.5107,-0.0038,31.8719,-4.4562,-0.01644,-8.0e-5,-0.00031,-0.05291,0.9986,-3.0e-5,0.00134,0.24216,-33.13944,57.40678,-0.14676,1.89014,0.06579,-2.0e-5,-2.0e-5,2.0e-5,-2.0e-5,-2.0e-5,2.0e-5,0.50001,0.52333
18.917,112.97632,73.43769,-0.00408,31.68985,-4.30466,-0.01725,-8.0e-5,-0.0003,-0.05092,0.9987,-3.0e-5,0.00147,0.23785,-32.76936,56.69743,-0.14466,1.89585,0.06612,-2.0e-5,-2.0e-5,2.0e-5,-2.0e-5,-2.0e-5,2.0e-5,0.50001,0.505
18.934,113.503,73.36718,-0.00437,31.51301,-4.15734,-0.01803,-8.0e-5,-0.00029,-0.04895,0.9988,-3.0e-5,0.00158,0.23344,-31.83121,55.93832,-0.14197,1.90099,0.06631,-2.0e-5,-2.0e-5,2.0e-5,-2.0e-5,-2.0e-5,2.0e-5,0.50001,0.50001
18.951,114.02678,73.29909,-0.00468,31.34119,-4.01414,-0.01881,-8.0e-5,-0.00028,-0.04703,0.99889,-3.0e-5,0.00169,0.22896,-30.92893,55.19583,-0.13913,1.90544,0.06638,-2.0e-5,-2.0e-5,2.0e-5,-2.0e-5,-2.0e-5,2.0e-5,0.50001,0.50001
18.968,114.54774,73.23336,-0.005,31.17418,-3.87498,-0.01956,-8.0e-5,-0.00026,-0.04514,0.99898,-3.0e-5,0.00179,0.22442,-30.06067,54.46876,-0.13616,1.90919,0.06633,-2.0e-5,-2.0e-5,2.0e-5,-2.0e-5,-2.0e-5,2.0e-5,0.50001,0.50001
18.984,115.06595,73.16991,-0.00533,31.01182,-3.73977,-0.0203,-8.0e-5,-0.00025,-0.04329,0.99906,-3.0e-5,0.00188,0.21987,-29.22456,53.75668,-0.13306,1.91228,0.06617,-2.0e-5,-2.0e-5,2.0e-5,-2.0e-5,-2.0e-5,2.0e-5,0.50001,0.50001
19.001,115.58149,73.10868,-0.00568,30.85394,-3.60844,-0.02102,-8.0e-5,-0.00023,-0.04148,0.99914,-3.0e-5,0.00197,0.21532,-28.41884,53.05961,-0.12986,1.91474,0.06589,-2.0e-5,-2.0e-5,2.0e-5,-2.0e-5,-2.0e-5,2.0e-5,0.50001,0.50001
19.017,116.09444,73.0496,-0.00603,30.70037,-3.4809,-0.02173,-8.0e-5,-0.00021,-0.03971,0.99921,-3.0e-5,0.00205,0.2108,-27.64182,52.37789,-0.12657,1.91662,0.06551,-2.0e-5,-2.0e-5,2.0e-5,-2.0e-5,-2.0e-5,2.0e-5,0.50001,0.50001
19.034,116.60486,72.99263,-0.0064,30.55097,-3.35705,-0.02241,-8.0e-5,-0.00019,-0.03797,0.99928,-3.0e-5,0.00212,0.20632,-26.89193,51.71202,-0.12321,1.91798,0.06503,-2.0e-5,-2.0e-5,2.0e-5,-2.0e-5,-2.0e-5,2.0e-5,0.50001,0.50001
19.05,117.11282,72.93768,-0.00678,30.4056,-3.23681,-0.02308,-8.0e-5,-0.00018,-0.03627,0.99934,-3.0e-5,0.00219,0.2019,-26.16771,51.06254,-0.11979,1.9189,0.06445,-2.0e-5,-2.0e-5,2.0e-5,-2.0e-5,-2.0e-5,2.0e-5,0.50001,0.50001
19.067,117.6184,72.88471,-0.00717,30.26411,-3.12009,-0.02372,-8.0e-5,-0.00016,-0.03461,0.9994,-3.0e-5,0.00225,0.19756,-25.4678,50.43,-0.11632,1.91942,0.06379,-2.0e-5,-2.0e-5,2.0e-5,-2.0e-5,-2.0e-5,2.0e-5,0.50001,0.50001
19.084,118.12165,72.83366,-0.00757,30.12638,-3.00679,-0.02435,-8.0e-5,-0.00014,-0.03298,0.99946,-3.0e-5,0.00231,0.19329,-24.79097,49.81484,-0.11282,1.91961,0.06303,-2.0e-5,-2.0e-5,2.0e-5,-2.0e-5,-2.0e-5,2.0e-5,0.50001,0.50001
19.101,118.62263,72.78447,-0.00798,29.99229,-2.8968,-0.02496,-8.0e-5,-0.00012,-0.03139,0.99951,-3.0e-5,0.00236,0.18912,-24.13607,49.21744,-0.10928,1.91953,0.06219,-2.0e-5,-2.0e-5,2.0e-5,-2.0e-5,-2.0e-5,2.0e-5,0.50001,0.50001
19.117,119.12141,72.73708,-0.0084,29.86173,-2.79003,-0.02554,-8.0e-5,-0.0001,-0.02983,0.99955,-3.0e-5,0.0024,0.18504,-23.50205,48.63805,-0.10573,1.91923,0.06128,-2.0e-5,-2.0e-5,2.0e-5,-2.0e-5,-2.0e-5,2.0e-5,0.50001,0.50001
19.134,119.61804,72.69145,-0.00883,29.73457,-2.68639,-0.02611,-8.0e-5,-8.0e-5,-0.0283,0.9996,-3.0e-5,0.00244,0.18106,-22.88797,48.07678,-0.10217,1.91874,0.06029,-2.0e-5,-2.0e-5,2.0e-5,-2.0e-5,-2.0e-5,2.0e-5,0.50001,0.50001
19.151,120.11258,72.64752,-0.00927,29.61072,-2.58575,-0.02666,-8.0e-5,-6.0e-5,-0.02681,0.99964,-3.0e-5,0.00247,0.17717,-22.29293,47.53366,-0.09861,1.91812,0.05923,-2.0e-5,-2.0e-5,2.0e-5,-2.0e-5,-2.0e-5,2.0e-5,0.50001,0.50001
19.168,120.60508,72.60524,-0.00972,29.49008,-2.48804,-0.02719,-8.0e-5,-4.0e-5,-0.02535,0.99968,-3.0e-5,0.0025,0.17339,-21.71613,47.00857,-0.09505,1.91739,0.05811,-2.0e-5,-2.0e-5,2.0e-5,-2.0e-5,-2.0e-5,2.0e-5,0.50001,0.50001
19.184,121.0956,72.56457,-0.01018,29.37254,-2.39314,-0.0277,-8.0e-5,-2.0e-5,-0.02392,0.99971,-3.0e-5,0.00253,0.1697,-21.15682,46.50131,-0.0915,1.91659,0.05692,-2.0e-5,-2.0e-5,2.0e-5,-2.0e-5,-2.0e-5,2.0e-5,0.50001,0.50001
19.201,121.58419,72.52545,-0.01064,29.25802,-2.30097,-0.02819,-8.0e-5,0.0,-0.02253,0.99975,-3.0e-5,0.00255,0.16611,-20.61431,46.01158,-0.08798,1.91574,0.05568,-2.0e-5,-2.0e-5,2.0e-5,-2.0e-5,-2.0e-5,2.0e-5,0.50001,0.50001
19.217,122.07088,72.48785,-0.01112,29.14642,-2.21142,-0.02865,-7.0e-5,3.0e-5,-0.02116,0.99978,0.00244,0.00256,0.16262,-20.08794,45.53903,-0.08414,1.91486,0.05437,-2.0e-5,0.65624,2.0e-5,-2.0e-5,-2.0e-5,2.0e-5,0.50001,0.50001
19.233,122.55575,72.45173,-0.0116,29.03766,-2.12428,-0.02909,-3.0e-5,5.0e-5,-0.01979,0.9998,0.00727,0.00257,0.16537,-19.57566,45.1042,-0.07841,1.91489,0.05292,0.43749,1.0,2.0e-5,-2.0e-5,0.04998,2.0e-5,0.50001,0.50001
19.251,123.03882,72.41704,-0.01209,28.93171,-2.03884,-0.02947,6.0e-5,7.0e-5,-0.01838,0.99983,0.01434,0.00258,0.17403,-19.07117,44.79934,-0.06895,1.92,0.05125,0.54687,1.0,2.0e-5,0.04998,0.09998,2.0e-5,0.50001,0.50001
19.268,123.52015,72.38376,-0.01258,28.82854,-1.95392,-0.02977,0.00022,8.0e-5,-0.01687,0.99986,0.02357,0.00258,0.18815,-18.57062,44.70607,-0.05396,1.93401,0.04924,0.59374,1.0,2.0e-5,0.09998,0.14998,2.0e-5,0.50001,0.50001
19.284,123.99979,72.35191,-0.01308,28.72813,-1.86804,-0.02995,0.00046,0.0001,-0.01522,0.99988,0.03486,0.00257,0.20721,-18.07349,44.87718,-0.03151,1.95953,0.04677,0.69531,1.0,2.0e-5,0.14998,0.19998,2.0e-5,0.50001,0.50001
19.301,124.47777,72.32151,-0.01358,28.63046,-1.77959,-0.02994,0.00081,0.00012,-0.01339,0.99991,0.04812,0.00256,0.23065,-17.58168,45.3423,0.00059,1.9982,0.0437,0.74218,1.0,2.0e-5,0.19998,0.24998,2.0e-5,0.50001,0.50001
19.317,124.95415,72.29262,-0.01407,28.53546,-1.68685,-0.02969,0.00128,0.00013,-0.01135,0.99993,0.06328,0.00254,0.25791,-17.09896,46.11295,0.04488,2.05088,0.03987,0.74218,1.0,2.0e-5,0.24998,0.29998,2.0e-5,0.50001,0.50001
19.334,125.42897,72.26531,-0.01457,28.44307,-1.58814,-0.02911,0.00188,0.00014,-0.00908,0.99996,0.08025,0.0025,0.28843,-16.63047,47.18677,0.10434,2.11775,0.03509,0.74218,1.0,2.0e-5,0.29998,0.34998,2.0e-5,0.50001,0.50001
19.351,125.90227,72.23972,-0.01504,28.35317,-1.48186,-0.0281,0.00262,0.00015,-0.00653,0.99998,0.09896,0.00246,0.32168,-16.18246,48.55112,0.18247,2.19856,0.02915,0.74218,1.0,2.0e-5,0.34998,0.39998,2.0e-5,0.50001,0.50001
19.367,126.37409,72.21597,-0.0155,28.2656,-1.36649,-0.02653,0.00353,0.00016,-0.0037,0.99999,0.11934,0.0024,0.35717,-15.76198,50.18611,0.28326,2.29264,0.02181,0.74218,1.0,2.0e-5,0.39998,0.44998,2.0e-5,0.50001,0.50001
19.384,126.84447,72.19423,-0.01592,28.18018,-1.24067,-0.02424,0.00462,0.00016,-0.00057,0.99999,0.14133,0.00232,0.39445,-15.37666,52.06699,0.41118,2.39911,0.0128,0.74218,1.0,2.0e-5,0.44998,0.49998,2.0e-5,0.50001,0.50001
19.401,127.31344,72.17468,-0.0163,28.09665,-1.1032,-0.02107,0.0059,0.00016,0.00288,0.99998,0.16487,0.00222,0.43313,-15.03459,54.16611,0.57118,2.51691,0.00183,0.74218,1.0,2.0e-5,0.49998,0.54998,2.0e-5,0.50001,0.50001
19.417,127.78103,72.15753,-0.01662,28.01474,-0.953,-0.0168,0.00738,0.00016,0.00666,0.99995,0.18988,0.00209,0.47284,-14.74405,56.4544,0.7686,2.64487,-0.01143,0.74218,1.0,2.0e-5,0.54998,0.59998,2.0e-5,0.50001,0.50001
19.434,128.24727,72.14299,-0.01685,27.93411,-0.78921,-0.01119,0.00907,0.00016,0.01077,0.9999,0.21632,0.00194,0.51329,-14.51341,58.90256,1.00914,2.78179,-0.02733,0.74218,1.0,2.0e-5,0.59998,0.64998,2.0e-5,0.50001,0.50001
19.45,128.71217,72.1313,-0.01698,27.85438,-0.61109,-0.00398,0.01099,0.00016,0.01523,0.99982,0.24414,0.00174,0.55421,-14.35094,61.48184,1.29873,2.92648,-0.04624,0.74218,1.0,2.0e-5,0.64998,0.69998,2.0e-5,0.50001,0.50001
19.468,129.17575,72.1227,-0.01698,27.77513,-0.41809,0.00515,0.01315,0.00015,0.02001,0.99971,0.27327,0.00151,0.59364,-14.26474,64.1592,1.64339,3.07751,-0.06857,0.73437,1.0,2.0e-5,0.69998,0.74998,2.0e-5,0.50001,0.50001
19.484,129.63801,72.11745,-0.0168,27.6959,-0.21003,0.01653,0.01555,0.00014,0.0251,0.99956,0.30368,0.00122,0.62767,-14.26237,66.87229,2.04825,3.23204,-0.09472,0.73437,1.0,2.0e-5,0.73437,0.79998,2.0e-5,0.50001,0.50001
19.5,130.09895,72.11578,-0.01641,27.61618,0.01278,0.03051,0.01821,0.00014,0.03046,0.99937,0.33531,0.00088,0.6573,-14.34886,69.52423,2.51654,3.38544,-0.12512,0.74218,1.0,2.0e-5,0.73437,0.84998,2.0e-5,0.50001,0.50001
19.517,130.55855,72.11795,-0.01577,27.53549,0.24953,0.04746,0.02114,0.00013,0.03603,0.99913,0.36813,0.00048,0.68105,-14.52515,72.03614,3.05034,3.53393,-0.16017,0.73437,1.0,2.0e-5,0.74218,0.89998,2.0e-5,0.50001,0.50001
19.534,131.01679,72.12417,-0.01481,27.45333,0.49908,0.06774,0.02435,0.00013,0.04179,0.99883,0.40207,1.0e-5,0.70102,-14.78813,74.33854,3.65024,3.67407,-0.20027,0.74218,1.0,2.0e-5,0.73437,0.94998,2.0e-5,0.50001,0.50001
19.55,131.47365,72.13465,-0.01349,27.36927,0.76006,0.09172,0.02784,0.00013,0.04769,0.99847,0.43495,-0.00055,0.71673,-15.1316,76.39591,4.31594,3.80404,-0.24578,0.74218,1.0,2.0e-5,0.74218,0.99998,2.0e-5,0.50001,0.50001
19.568,131.92908,72.14956,-0.01173,27.28289,1.03096,0.11974,0.03159,0.00013,0.0537,0.99806,0.46679,-0.00119,0.72863,-15.547,78.18225,5.04411,3.92248,-0.29692,0.74218,1.0,2.0e-5,0.74218,1.0,2.0e-5,0.50001,0.50001
19.584,132.38306,72.16906,-0.00947,27.19387,1.3102,0.15213,0.0356,0.00014,0.0598,0.99758,0.49763,-0.00192,0.73716,-16.02397,79.68247,5.82995,4.02851,-0.35387,0.74218,1.0,2.0e-5,0.74218,1.0,2.0e-5,0.50001,0.50001
19.601,132.83553,72.19327,-0.00663,27.10192,1.59615,0.18917,0.03986,0.00016,0.06595,0.99703,0.52752,-0.00276,0.74276,-16.55117,80.89258,6.66814,4.12178,-0.41676,0.74218,1.0,2.0e-5,0.74218,1.0,2.0e-5,0.50001,0.50001
19.617,133.28644,72.2223,-0.00314,27.00683,1.88725,0.23113,0.04437,0.00018,0.07213,0.99641,0.55648,-0.00372,0.74589,-17.11687,81.81719,7.55302,4.2024,-0.48569,0.74218,1.0,2.0e-5,0.74218,1.0,2.0e-5,0.50001,0.50001
19.634,133.73574,72.2562,0.0011,26.90844,2.18195,0.27824,0.04911,0.00021,0.07832,0.99572,0.58455,-0.00479,0.74611,-17.70936,82.46502,8.47862,4.27062,-0.56071,0.73437,1.0,2.0e-5,0.74218,1.0,2.0e-5,0.50001,0.50001
19.65,134.18337,72.29504,0.00617,26.80668,2.47874,0.33067,0.05408,0.00026,0.0845,0.99496,0.61176,-0.00599,0.74468,-18.31677,82.84345,9.43835,4.32666,-0.64188,0.73437,1.0,2.0e-5,0.73437,1.0,2.0e-5,0.50001,0.50001
19.667,134.62928,72.33883,0.01215,26.70152,2.77627,0.3886,0.05926,0.00031,0.09066,0.99412,0.63814,-0.00732,0.74277,-18.92898,82.97472,10.42686,4.37148,-0.72919,0.74218,1.0,2.0e-5,0.73437,1.0,2.0e-5,0.50001,0.50001
19.684,135.0734,72.38758,0.01915,26.59297,3.07333,0.45216,0.06466,0.00036,0.09679,0.9932,0.66372,-0.00879,0.73987,-19.53828,82.89106,11.44027,4.40656,-0.82265,0.74218,1.0,2.0e-5,0.74218,1.0,2.0e-5,0.50001,0.50001
19.701,135.51569,72.44127,0.02726,26.4811,3.36885,0.52146,0.07026,0.00043,0.10289,0.99221,0.68853,-0.0104,0.73543,-20.13733,82.61363,12.47401,4.43286,-0.92225,0.73437,1.0,2.0e-5,0.74218,1.0,2.0e-5,0.50001,0.50001
19.717,135.95609,72.49986,0.03656,26.366,3.66182,0.59658,0.07607,0.00051,0.10894,0.99113,0.71259,-0.01217,0.73053,-20.71882,82.15525,13.52276,4.45088,-1.02797,0.73437,1.0,2.0e-5,0.73437,1.0,2.0e-5,0.50001,0.50001
19.734,136.39454,72.56331,0.04717,26.24779,3.95136,0.6776,0.08206,0.0006,0.11493,0.98998,0.73593,-0.01409,0.7254,-21.27754,81.53705,14.5827,4.46159,-1.13976,0.73437,1.0,2.0e-5,0.73437,1.0,2.0e-5,0.50001,0.50001
19.75,136.831,72.63155,0.05918,26.12662,4.23672,0.76455,0.08824,0.0007,0.12088,0.98874,0.75857,-0.01617,0.721,-21.81028,80.7835,15.65124,4.46614,-1.25758,0.74218,1.0,2.0e-5,0.73437,1.0,2.0e-5,0.50001,0.50001
19.767,137.26541,72.7045,0.07269,26.00264,4.51728,0.85748,0.0946,0.0008,0.12678,0.98741,0.78055,-0.01842,0.71587,-22.31573,79.9205,16.72696,4.46582,-1.38139,0.73437,1.0,2.0e-5,0.74218,1.0,2.0e-5,0.50001,0.50001
19.784,137.69774,72.78209,0.0878,25.87602,4.7925,0.9564,0.10113,0.00091,0.13263,0.98599,0.80187,-0.02084,0.71174,-22.79159,78.96022,17.8069,4.46118,-1.51115,0.74218,1.0,2.0e-5,0.73437,1.0,2.0e-5,0.50001,0.50001
19.801,138.12793,72.86422,0.10461,25.74692,5.06197,1.06135,0.10783,0.00103,0.13843,0.98448,0.82257,-0.02342,0.70789,-23.23843,77.92438,18.89059,4.45332,-1.6468,0.74218,1.0,2.0e-5,0.74218,1.0,2.0e-5,0.50001,0.50001
19.817,138.55595,72.95079,0.12321,25.6155,5.32534,1.17233,0.1147,0.00115,0.14419,0.98288,0.84267,-0.02619,0.70437,-23.65657,76.82683,19.97686,4.44294,-1.78829,0.74218,1.0,2.0e-5,0.74218,1.0,2.0e-5,0.50001,0.50001
19.834,138.98177,73.0417,0.14372,25.48191,5.58231,1.28936,0.12171,0.00128,0.1499,0.98118,0.86218,-0.02913,0.70047,-24.04582,75.67534,21.06383,4.43043,-1.93558,0.73437,1.0,2.0e-5,0.74218,1.0,2.0e-5,0.50001,0.50001
19.85,139.40534,73.13683,0.16622,25.34632,5.8326,1.4124,0.12888,0.00141,0.15556,0.97938,0.88113,-0.03226,0.69703,-24.40489,74.47119,22.14834,4.4158,-2.0886,0.73437,1.0,2.0e-5,0.73437,1.0,2.0e-5,0.50001,0.50001
19.867,139.82664,73.23608,0.19083,25.20891,6.07596,1.54145,0.13619,0.00154,0.16119,0.97748,0.89953,-0.03557,0.69485,-24.73481,73.22414,23.22957,4.39956,-2.24727,0.74218,1.0,2.0e-5,0.73437,1.0,2.0e-5,0.50001,0.50001
19.884,140.24563,73.33932,0.21764,25.0698,6.31223,1.6765,0.14365,0.00167,0.16678,0.97547,0.9174,-0.03906,0.69316,-25.03888,71.94938,24.30889,4.38255,-2.41155,0.74218,1.0,2.0e-5,0.74218,1.0,2.0e-5,0.50001,0.50001
19.9,140.66229,73.44645,0.24675,24.92914,6.5413,1.81754,0.15123,0.0018,0.17234,0.97336,0.93477,-0.04275,0.69197,-25.31877,70.65293,25.38586,4.36513,-2.58136,0.74218,1.0,2.0e-5,0.74218,1.0,2.0e-5,0.50001,0.50001
19.917,141.07659,73.55733,0.27826,24.78706,6.76307,1.96453,0.15895,0.00192,0.17787,0.97113,0.95164,-0.04662,0.69127,-25.5756,69.33758,26.45946,4.34746,-2.75663,0.74218,1.0,2.0e-5,0.74218,1.0,2.0e-5,0.50001,0.50001
19.934,141.48852,73.67184,0.31227,24.64367,6.97742,2.11747,0.1668,0.00203,0.18337,0.96879,0.96804,-0.05068,0.69031,-25.80984,68.00352,27.52798,4.32956,-2.93728,0.73437,1.0,2.0e-5,0.74218,1.0,2.0e-5,0.50001,0.50001
19.95,141.89804,73.78987,0.34887,24.49911,7.18423,2.27629,0.17476,0.00214,0.18885,0.96633,0.98397,-0.05494,0.68986,-26.02024,66.64576,28.58786,4.31111,-3.12323,0.73437,1.0,2.0e-5,0.73437,1.0,2.0e-5,0.50001,0.50001
19.967,142.30515,73.91127,0.38817,24.35352,7.38337,2.44094,0.18284,0.00223,0.19429,0.96375,0.99946,-0.0594,0.68992,-26.20746,65.26589,29.63774,4.29219,-3.31438,0.73437,1.0,2.0e-5,0.73437,1.0,2.0e-5,0.50001,0.50001
19.984,142.70982,74.03594,0.43027,24.207,7.57476,2.61137,0.19103,0.00232,0.19971,0.96105,1.01453,-0.06404,0.69122,-26.37337,63.86848,30.67758,4.27308,-3.51061,0.74218,1.0,2.0e-5,0.73437,1.0,2.0e-5,0.50001,0.50001
20.0,143.11204,74.16372,0.47525,24.05966,7.75832,2.78754,0.19933,0.00238,0.20512,0.95822,1.02917,-0.06888,0.69299,-26.52151,62.46156,31.70921,4.25431,-3.71184,0.74218,1.0,2.0e-5,0.74218,1.0,2.0e-5,0.50001,0.50001
20.018,143.5118,74.2945,0.52322,23.91158,7.93402,2.96938,0.20773,0.00243,0.21051,0.95526,1.04342,-0.07392,0.69523,-26.65318,61.04586,32.73195,4.23595,-3.91795,0.74218,1.0,2.0e-5,0.74218,1.0,2.0e-5,0.50001,0.50001
